repo_name,workflow_path,workflow_type,visibility,archived,forked,reusable_workflow,workflow_url,repo_url,missing_repo,missing_url
docker-agent-action,release.yml,workflow,public,0,0,0,https://github.com/docker/docker-agent-action/blob/main/.github/workflows/release.yml,https://github.com/docker/docker-agent-action,docker/docker-agent-action@367a30ddb41e0156459d03750f508eac03f3c38a,https://github.com/docker/docker-agent-action/blob/367a30ddb41e0156459d03750f508eac03f3c38a/
docker-agent-action,review-pr.yml,workflow,public,0,0,1,https://github.com/docker/docker-agent-action/blob/main/.github/workflows/review-pr.yml,https://github.com/docker/docker-agent-action,docker/docker-agent-action@367a30ddb41e0156459d03750f508eac03f3c38a,https://github.com/docker/docker-agent-action/blob/367a30ddb41e0156459d03750f508eac03f3c38a/setup-credentials
docker-agent-action,review-pr.yml,workflow,public,0,0,1,https://github.com/docker/docker-agent-action/blob/main/.github/workflows/review-pr.yml,https://github.com/docker/docker-agent-action,docker/docker-agent-action@367a30ddb41e0156459d03750f508eac03f3c38a,https://github.com/docker/docker-agent-action/blob/367a30ddb41e0156459d03750f508eac03f3c38a/review-pr
docker-agent-action,review-pr.yml,workflow,public,0,0,1,https://github.com/docker/docker-agent-action/blob/main/.github/workflows/review-pr.yml,https://github.com/docker/docker-agent-action,docker/docker-agent-action@367a30ddb41e0156459d03750f508eac03f3c38a,https://github.com/docker/docker-agent-action/blob/367a30ddb41e0156459d03750f508eac03f3c38a/review-pr/reply
docker-agent-action,review-pr.yml,workflow,public,0,0,1,https://github.com/docker/docker-agent-action/blob/main/.github/workflows/review-pr.yml,https://github.com/docker/docker-agent-action,docker/docker-agent-action@367a30ddb41e0156459d03750f508eac03f3c38a,https://github.com/docker/docker-agent-action/blob/367a30ddb41e0156459d03750f508eac03f3c38a/.github/actions/mention-reply
docker-agent-action,review-pr.yml,workflow,public,0,0,1,https://github.com/docker/docker-agent-action/blob/main/.github/workflows/review-pr.yml,https://github.com/docker/docker-agent-action,docker/docker-agent-action@367a30ddb41e0156459d03750f508eac03f3c38a,https://github.com/docker/docker-agent-action/blob/367a30ddb41e0156459d03750f508eac03f3c38a/review-pr/mention-reply
docker-agent-action,self-review-pr.yml,workflow,public,0,0,0,https://github.com/docker/docker-agent-action/blob/main/.github/workflows/self-review-pr.yml,https://github.com/docker/docker-agent-action,docker/docker-agent-action@367a30ddb41e0156459d03750f508eac03f3c38a,https://github.com/docker/docker-agent-action/blob/367a30ddb41e0156459d03750f508eac03f3c38a/setup-credentials
docker-agent-action,self-review-pr.yml,workflow,public,0,0,0,https://github.com/docker/docker-agent-action/blob/main/.github/workflows/self-review-pr.yml,https://github.com/docker/docker-agent-action,docker/docker-agent-action@367a30ddb41e0156459d03750f508eac03f3c38a,https://github.com/docker/docker-agent-action/blob/367a30ddb41e0156459d03750f508eac03f3c38a/review-pr
docker-agent-action,self-review-pr.yml,workflow,public,0,0,0,https://github.com/docker/docker-agent-action/blob/main/.github/workflows/self-review-pr.yml,https://github.com/docker/docker-agent-action,docker/docker-agent-action@367a30ddb41e0156459d03750f508eac03f3c38a,https://github.com/docker/docker-agent-action/blob/367a30ddb41e0156459d03750f508eac03f3c38a/review-pr/reply
docker-agent-action,self-review-pr.yml,workflow,public,0,0,0,https://github.com/docker/docker-agent-action/blob/main/.github/workflows/self-review-pr.yml,https://github.com/docker/docker-agent-action,docker/docker-agent-action@367a30ddb41e0156459d03750f508eac03f3c38a,https://github.com/docker/docker-agent-action/blob/367a30ddb41e0156459d03750f508eac03f3c38a/.github/actions/mention-reply
docker-agent-action,self-review-pr.yml,workflow,public,0,0,0,https://github.com/docker/docker-agent-action/blob/main/.github/workflows/self-review-pr.yml,https://github.com/docker/docker-agent-action,docker/docker-agent-action@367a30ddb41e0156459d03750f508eac03f3c38a,https://github.com/docker/docker-agent-action/blob/367a30ddb41e0156459d03750f508eac03f3c38a/review-pr/mention-reply
docker-agent-action,test-e2e-reviewer.yml,workflow,public,0,0,0,https://github.com/docker/docker-agent-action/blob/main/.github/workflows/test-e2e-reviewer.yml,https://github.com/docker/docker-agent-action,docker/docker-agent-action@367a30ddb41e0156459d03750f508eac03f3c38a,https://github.com/docker/docker-agent-action/blob/367a30ddb41e0156459d03750f508eac03f3c38a/setup-credentials
docker-agent-action,test-e2e-reviewer.yml,workflow,public,0,0,0,https://github.com/docker/docker-agent-action/blob/main/.github/workflows/test-e2e-reviewer.yml,https://github.com/docker/docker-agent-action,docker/docker-agent-action@367a30ddb41e0156459d03750f508eac03f3c38a,https://github.com/docker/docker-agent-action/blob/367a30ddb41e0156459d03750f508eac03f3c38a/setup-credentials
docker-agent-action,test-e2e-reviewer.yml,workflow,public,0,0,0,https://github.com/docker/docker-agent-action/blob/main/.github/workflows/test-e2e-reviewer.yml,https://github.com/docker/docker-agent-action,docker/docker-agent-action@367a30ddb41e0156459d03750f508eac03f3c38a,https://github.com/docker/docker-agent-action/blob/367a30ddb41e0156459d03750f508eac03f3c38a/review-pr
docker-agent-action,test-e2e-reviewer.yml,workflow,public,0,0,0,https://github.com/docker/docker-agent-action/blob/main/.github/workflows/test-e2e-reviewer.yml,https://github.com/docker/docker-agent-action,docker/docker-agent-action@367a30ddb41e0156459d03750f508eac03f3c38a,https://github.com/docker/docker-agent-action/blob/367a30ddb41e0156459d03750f508eac03f3c38a/review-pr/reply
docker-agent-action,test-e2e-reviewer.yml,workflow,public,0,0,0,https://github.com/docker/docker-agent-action/blob/main/.github/workflows/test-e2e-reviewer.yml,https://github.com/docker/docker-agent-action,docker/docker-agent-action@367a30ddb41e0156459d03750f508eac03f3c38a,https://github.com/docker/docker-agent-action/blob/367a30ddb41e0156459d03750f508eac03f3c38a/.github/actions/mention-reply
docker-agent-action,test-e2e-reviewer.yml,workflow,public,0,0,0,https://github.com/docker/docker-agent-action/blob/main/.github/workflows/test-e2e-reviewer.yml,https://github.com/docker/docker-agent-action,docker/docker-agent-action@367a30ddb41e0156459d03750f508eac03f3c38a,https://github.com/docker/docker-agent-action/blob/367a30ddb41e0156459d03750f508eac03f3c38a/review-pr/mention-reply
docker-agent-action,test-e2e.yml,workflow,public,0,0,0,https://github.com/docker/docker-agent-action/blob/main/.github/workflows/test-e2e.yml,https://github.com/docker/docker-agent-action,docker/docker-agent-action@367a30ddb41e0156459d03750f508eac03f3c38a,https://github.com/docker/docker-agent-action/blob/367a30ddb41e0156459d03750f508eac03f3c38a/setup-credentials
docker-agent-action,update-docker-agent-version.yml,workflow,public,0,0,0,https://github.com/docker/docker-agent-action/blob/main/.github/workflows/update-docker-agent-version.yml,https://github.com/docker/docker-agent-action,docker/docker-agent-action@367a30ddb41e0156459d03750f508eac03f3c38a,https://github.com/docker/docker-agent-action/blob/367a30ddb41e0156459d03750f508eac03f3c38a/setup-credentials
docker-bench-security,slsa.yml,workflow,public,0,0,0,https://github.com/docker/docker-bench-security/blob/master/.github/workflows/slsa.yml,https://github.com/docker/docker-bench-security,slsa-framework/slsa-github-generator@c747fe7769adf3656dc7d588b161cb614d7abfee,https://github.com/slsa-framework/slsa-github-generator/blob/c747fe7769adf3656dc7d588b161cb614d7abfee/__BUILDER_CHECKOUT_DIR__/.github/actions/secure-download-artifact
envoy,_check_runtime.yml,workflow,public,1,1,1,https://github.com/docker/envoy/blob/main/.github/workflows/_check_runtime.yml,https://github.com/docker/envoy,docker/envoy@main,https://github.com/docker/envoy/blob/main/.github/workflows/_run.yml
envoy,_precheck_external.yml,workflow,public,1,1,1,https://github.com/docker/envoy/blob/main/.github/workflows/_precheck_external.yml,https://github.com/docker/envoy,docker/envoy@main,https://github.com/docker/envoy/blob/main/.github/workflows/_run.yml
envoy,envoy-deflake.yml,workflow,public,1,1,0,https://github.com/docker/envoy/blob/main/.github/workflows/envoy-deflake.yml,https://github.com/docker/envoy,docker/envoy@main,https://github.com/docker/envoy/blob/main/.github/workflows/_run.yml
envoy,envoy-deflake.yml,workflow,public,1,1,0,https://github.com/docker/envoy/blob/main/.github/workflows/envoy-deflake.yml,https://github.com/docker/envoy,docker/envoy@main,https://github.com/docker/envoy/blob/main/.github/workflows/_load_env.yml
go-containerregistry,release.yml,workflow,public,0,1,0,https://github.com/docker/go-containerregistry/blob/main/.github/workflows/release.yml,https://github.com/docker/go-containerregistry,slsa-framework/slsa-github-generator@7f4fdb871876c23e455853d694197440c5a91506,https://github.com/slsa-framework/slsa-github-generator/blob/7f4fdb871876c23e455853d694197440c5a91506/__BUILDER_CHECKOUT_DIR__/.github/actions/secure-download-artifact
hub-mcp,release.yml,workflow,public,0,0,0,https://github.com/docker/hub-mcp/blob/main/.github/workflows/release.yml,https://github.com/docker/hub-mcp,docker/actions@33488d0ac7cf5f3616b656b8f2bf28b45467976c,https://github.com/docker/actions/blob/33488d0ac7cf5f3616b656b8f2bf28b45467976c/setup-go
hub-mcp,release.yml,workflow,public,0,0,0,https://github.com/docker/hub-mcp/blob/main/.github/workflows/release.yml,https://github.com/docker/hub-mcp,docker/actions@132452b833c5fae71bc674fe54384c9242173f96,https://github.com/docker/actions/blob/132452b833c5fae71bc674fe54384c9242173f96/bump-version
mcp-gateway,codeql.yml,workflow,public,0,0,0,https://github.com/docker/mcp-gateway/blob/main/.github/workflows/codeql.yml,https://github.com/docker/mcp-gateway,github/codeql-action@051e2f90686233507fe9283ff167d2e709304b30,https://github.com/github/codeql-action/blob/051e2f90686233507fe9283ff167d2e709304b30/init
mcp-gateway,codeql.yml,workflow,public,0,0,0,https://github.com/docker/mcp-gateway/blob/main/.github/workflows/codeql.yml,https://github.com/docker/mcp-gateway,github/codeql-action@051e2f90686233507fe9283ff167d2e709304b30,https://github.com/github/codeql-action/blob/051e2f90686233507fe9283ff167d2e709304b30/autobuild
mcp-gateway,codeql.yml,workflow,public,0,0,0,https://github.com/docker/mcp-gateway/blob/main/.github/workflows/codeql.yml,https://github.com/docker/mcp-gateway,github/codeql-action@051e2f90686233507fe9283ff167d2e709304b30,https://github.com/github/codeql-action/blob/051e2f90686233507fe9283ff167d2e709304b30/analyze
