org_name,repo_name,workflow_path,visibility,archived,forked,workflow_url,repo_url,parent_org_name,parent_repo_name,parent_workflow_path,parent_visibility,parent_archived,parent_forked,parent_workflow_url,parent_repo_url
docker,cagent-action,review-pr.yml,public,0,0,https://github.com/docker/cagent-action/blob/3f5dc9969f307d3c76acb7e9ccaefdd96bd62f4b/.github/workflows/review-pr.yml,https://github.com/docker/cagent-action,docker,cli,pr-review.yml,public,0,0,https://github.com/docker/cli/blob/fb59821d450bc76c97e52617f66dde0c6035e332/.github/workflows/pr-review.yml,https://github.com/docker/cli
docker,cagent-action,review-pr.yml,public,0,0,https://github.com/docker/cagent-action/blob/2369328cd25777eb0a4ff959a399b6d1a5204fc7/.github/workflows/review-pr.yml,https://github.com/docker/cagent-action,docker,compose,pr-review.yml,public,0,0,https://github.com/docker/compose/blob/5d0f6e2ff3b679c95684f8076fe314d49b5333bc/.github/workflows/pr-review.yml,https://github.com/docker/compose
docker,cagent-action,review-pr.yml,public,0,0,https://github.com/docker/cagent-action/blob/0498757af1c50b084f763d626f571918cf317509/.github/workflows/review-pr.yml,https://github.com/docker/cagent-action,docker,docker-agent,pr-review.yml,public,0,0,https://github.com/docker/docker-agent/blob/873afc2aed5d5b87cb9e5e9a84069868b68fd3af/.github/workflows/pr-review.yml,https://github.com/docker/docker-agent
docker,cagent-action,review-pr.yml,public,0,0,https://github.com/docker/cagent-action/blob/f208610469d69f20983cad64c577949a132caa33/.github/workflows/review-pr.yml,https://github.com/docker/cagent-action,docker,docs,pr-review.yml,public,0,0,https://github.com/docker/docs/blob/fd3d173e6f604e5af07da26ef63cbf6f3fa5c55d/.github/workflows/pr-review.yml,https://github.com/docker/docs
docker,cagent-action,review-pr.yml,public,0,0,https://github.com/docker/cagent-action/blob/d98096f432f2aea5091c811852c4da804e60623a/.github/workflows/review-pr.yml,https://github.com/docker/cagent-action,docker,hello-genai,pr-review.yml,public,0,0,https://github.com/docker/hello-genai/blob/0f4aaed5a5454e37ef9b801aba7f1b6238453d5c/.github/workflows/pr-review.yml,https://github.com/docker/hello-genai
docker,cagent-action,review-pr.yml,public,0,0,https://github.com/docker/cagent-action/blob/d98096f432f2aea5091c811852c4da804e60623a/.github/workflows/review-pr.yml,https://github.com/docker/cagent-action,docker,secrets-engine,pr-review.yml,public,0,0,https://github.com/docker/secrets-engine/blob/c9332e7a64b9147dd75c180c32687fcd3f5ebe24/.github/workflows/pr-review.yml,https://github.com/docker/secrets-engine
docker,docs,validate-upstream.yml,public,0,0,https://github.com/docker/docs/blob/fd3d173e6f604e5af07da26ef63cbf6f3fa5c55d/.github/workflows/validate-upstream.yml,https://github.com/docker/docs,docker,buildx,docs-upstream.yml,public,0,0,https://github.com/docker/buildx/blob/f30ef86d21e91400b6e645964b5151aae46b1402/.github/workflows/docs-upstream.yml,https://github.com/docker/buildx
docker,docs,validate-upstream.yml,public,0,0,https://github.com/docker/docs/blob/00aefd5eae73898c4d3bcd7a6fe95a039293706b/.github/workflows/validate-upstream.yml,https://github.com/docker/docs,docker,compose,docs-upstream.yml,public,0,0,https://github.com/docker/compose/blob/5d0f6e2ff3b679c95684f8076fe314d49b5333bc/.github/workflows/docs-upstream.yml,https://github.com/docker/compose
docker,github-builder,bake.yml,public,0,0,https://github.com/docker/github-builder/blob/073833262a23a17675c95c4541ab063b7646756b/.github/workflows/bake.yml,https://github.com/docker/github-builder,docker,buildkit-syft-scanner,ci.yaml,public,0,0,https://github.com/docker/buildkit-syft-scanner/blob/0172d954b75d1bd8ac493ea788c546425861d3af/.github/workflows/ci.yaml,https://github.com/docker/buildkit-syft-scanner
docker,github-builder,bake.yml,public,0,0,https://github.com/docker/github-builder/blob/5f637c833aa76bc99372a1dc9a6f8bcd8056fb85/.github/workflows/bake.yml,https://github.com/docker/github-builder,docker,buildx,build.yml,public,0,0,https://github.com/docker/buildx/blob/f30ef86d21e91400b6e645964b5151aae46b1402/.github/workflows/build.yml,https://github.com/docker/buildx
docker,github-builder,bake.yml,public,0,0,https://github.com/docker/github-builder/blob/70313223e2665c3211b454b3fea6534624e78d64/.github/workflows/bake.yml,https://github.com/docker/github-builder,docker,compose,ci.yml,public,0,0,https://github.com/docker/compose/blob/5d0f6e2ff3b679c95684f8076fe314d49b5333bc/.github/workflows/ci.yml,https://github.com/docker/compose
docker,github-builder,bake.yml,public,0,0,https://github.com/docker/github-builder/blob/70313223e2665c3211b454b3fea6534624e78d64/.github/workflows/bake.yml,https://github.com/docker/github-builder,docker,compose,merge.yml,public,0,0,https://github.com/docker/compose/blob/5d0f6e2ff3b679c95684f8076fe314d49b5333bc/.github/workflows/merge.yml,https://github.com/docker/compose
