org,repo,workflow,ref,url,runner,self_hosted,supported
docker,actions-toolkit,.github/workflows/build.yml,main,https://github.com/docker/actions-toolkit/blob/779136b849fb01373e53c81156c2fcbdc2f7b95b/.github/workflows/build.yml,ubuntu-latest,0,1
docker,actions-toolkit,.github/workflows/buildx-lab-releases-json.yml,main,https://github.com/docker/actions-toolkit/blob/779136b849fb01373e53c81156c2fcbdc2f7b95b/.github/workflows/buildx-lab-releases-json.yml,ubuntu-24.04,0,1
docker,actions-toolkit,.github/workflows/buildx-releases-json.yml,main,https://github.com/docker/actions-toolkit/blob/779136b849fb01373e53c81156c2fcbdc2f7b95b/.github/workflows/buildx-releases-json.yml,ubuntu-24.04,0,1
docker,actions-toolkit,.github/workflows/codeql.yml,main,https://github.com/docker/actions-toolkit/blob/779136b849fb01373e53c81156c2fcbdc2f7b95b/.github/workflows/codeql.yml,ubuntu-latest,0,1
docker,actions-toolkit,.github/workflows/compose-lab-releases-json.yml,main,https://github.com/docker/actions-toolkit/blob/779136b849fb01373e53c81156c2fcbdc2f7b95b/.github/workflows/compose-lab-releases-json.yml,ubuntu-24.04,0,1
docker,actions-toolkit,.github/workflows/compose-releases-json.yml,main,https://github.com/docker/actions-toolkit/blob/779136b849fb01373e53c81156c2fcbdc2f7b95b/.github/workflows/compose-releases-json.yml,ubuntu-24.04,0,1
docker,actions-toolkit,.github/workflows/docker-releases-json.yml,main,https://github.com/docker/actions-toolkit/blob/779136b849fb01373e53c81156c2fcbdc2f7b95b/.github/workflows/docker-releases-json.yml,ubuntu-24.04,0,1
docker,actions-toolkit,.github/workflows/publish.yml,main,https://github.com/docker/actions-toolkit/blob/779136b849fb01373e53c81156c2fcbdc2f7b95b/.github/workflows/publish.yml,ubuntu-latest,0,1
docker,actions-toolkit,.github/workflows/regclient-releases-json.yml,main,https://github.com/docker/actions-toolkit/blob/779136b849fb01373e53c81156c2fcbdc2f7b95b/.github/workflows/regclient-releases-json.yml,ubuntu-latest,0,1
docker,actions-toolkit,.github/workflows/test.yml,main,https://github.com/docker/actions-toolkit/blob/779136b849fb01373e53c81156c2fcbdc2f7b95b/.github/workflows/test.yml,ubuntu-24.04-arm,0,1
docker,actions-toolkit,.github/workflows/test.yml,main,https://github.com/docker/actions-toolkit/blob/779136b849fb01373e53c81156c2fcbdc2f7b95b/.github/workflows/test.yml,ubuntu-latest,0,1
docker,actions-toolkit,.github/workflows/undock-releases-json.yml,main,https://github.com/docker/actions-toolkit/blob/779136b849fb01373e53c81156c2fcbdc2f7b95b/.github/workflows/undock-releases-json.yml,ubuntu-24.04,0,1
docker,actions-toolkit,.github/workflows/validate.yml,main,https://github.com/docker/actions-toolkit/blob/779136b849fb01373e53c81156c2fcbdc2f7b95b/.github/workflows/validate.yml,ubuntu-latest,0,1
docker,actions-toolkit,.github/workflows/virtual-env.yml,main,https://github.com/docker/actions-toolkit/blob/779136b849fb01373e53c81156c2fcbdc2f7b95b/.github/workflows/virtual-env.yml,ubuntu-22.04,0,1
docker,actions-toolkit,.github/workflows/virtual-env.yml,main,https://github.com/docker/actions-toolkit/blob/779136b849fb01373e53c81156c2fcbdc2f7b95b/.github/workflows/virtual-env.yml,ubuntu-22.04-arm,0,1
docker,actions-toolkit,.github/workflows/virtual-env.yml,main,https://github.com/docker/actions-toolkit/blob/779136b849fb01373e53c81156c2fcbdc2f7b95b/.github/workflows/virtual-env.yml,ubuntu-24.04,0,1
docker,actions-toolkit,.github/workflows/virtual-env.yml,main,https://github.com/docker/actions-toolkit/blob/779136b849fb01373e53c81156c2fcbdc2f7b95b/.github/workflows/virtual-env.yml,ubuntu-24.04-arm,0,1
docker,actions-toolkit,.github/workflows/virtual-env.yml,main,https://github.com/docker/actions-toolkit/blob/779136b849fb01373e53c81156c2fcbdc2f7b95b/.github/workflows/virtual-env.yml,ubuntu-latest,0,1
docker,attest-provider,.github/workflows/dependency-review.yml,main,https://github.com/docker/attest-provider/blob/329e85366b3902193dbf5e6f9e5308b4ce2f2588/.github/workflows/dependency-review.yml,ubuntu-latest,0,1
docker,attest-provider,.github/workflows/helm-release.yaml,main,https://github.com/docker/attest-provider/blob/329e85366b3902193dbf5e6f9e5308b4ce2f2588/.github/workflows/helm-release.yaml,ubuntu-latest,0,1
docker,attest-provider,.github/workflows/release-drafter.yml,main,https://github.com/docker/attest-provider/blob/329e85366b3902193dbf5e6f9e5308b4ce2f2588/.github/workflows/release-drafter.yml,ubuntu-latest,0,1
docker,attest-provider,.github/workflows/release.yml,main,https://github.com/docker/attest-provider/blob/329e85366b3902193dbf5e6f9e5308b4ce2f2588/.github/workflows/release.yml,ubuntu-latest,0,1
docker,attest-provider,.github/workflows/workflow.yaml,main,https://github.com/docker/attest-provider/blob/329e85366b3902193dbf5e6f9e5308b4ce2f2588/.github/workflows/workflow.yaml,ubuntu-latest,0,1
docker,attest,.github/workflows/lint.yml,main,https://github.com/docker/attest/blob/de602565c040ad787f8b89b5e3463a0ce80b44d4/.github/workflows/lint.yml,ubuntu-latest,0,1
docker,attest,.github/workflows/release-drafter.yml,main,https://github.com/docker/attest/blob/de602565c040ad787f8b89b5e3463a0ce80b44d4/.github/workflows/release-drafter.yml,ubuntu-latest,0,1
docker,attest,.github/workflows/release.yml,main,https://github.com/docker/attest/blob/de602565c040ad787f8b89b5e3463a0ce80b44d4/.github/workflows/release.yml,ubuntu-latest,0,1
docker,attest,.github/workflows/test.yml,main,https://github.com/docker/attest/blob/de602565c040ad787f8b89b5e3463a0ce80b44d4/.github/workflows/test.yml,macos-latest,0,1
docker,attest,.github/workflows/test.yml,main,https://github.com/docker/attest/blob/de602565c040ad787f8b89b5e3463a0ce80b44d4/.github/workflows/test.yml,ubuntu-latest,0,1
docker,awesome-compose,.github/workflows/codeql-analysis.yml,master,https://github.com/docker/awesome-compose/blob/18f59bdb09ecf520dd5758fbf90dec314baec545/.github/workflows/codeql-analysis.yml,ubuntu-latest,0,1
docker,aws-kms-sign-csr,.github/workflows/build.yml,master,https://github.com/docker/aws-kms-sign-csr/blob/81deaaafc5a7de0144041d1732d3db9553c7e69c/.github/workflows/build.yml,ubuntu-latest,0,1
docker,aws-kms-sign-csr,.github/workflows/release.yml,master,https://github.com/docker/aws-kms-sign-csr/blob/81deaaafc5a7de0144041d1732d3db9553c7e69c/.github/workflows/release.yml,ubuntu-latest,0,1
docker,babashka-pod-docker,.github/workflows/docker.yml,main,https://github.com/docker/babashka-pod-docker/blob/645ee7fa7b8c659658dbaef7b813b2c8e89f7f3a/.github/workflows/docker.yml,ubuntu-latest,0,1
docker,babashka-pod-docker,.github/workflows/release.yml,main,https://github.com/docker/babashka-pod-docker/blob/645ee7fa7b8c659658dbaef7b813b2c8e89f7f3a/.github/workflows/release.yml,ubuntu-latest,0,1
docker,bake-action,.github/workflows/ci.yml,master,https://github.com/docker/bake-action/blob/41c10f2beb4c60ac3eb05f9d48947994b7ae47e5/.github/workflows/ci.yml,ubuntu-latest,0,1
docker,bake-action,.github/workflows/publish.yml,master,https://github.com/docker/bake-action/blob/41c10f2beb4c60ac3eb05f9d48947994b7ae47e5/.github/workflows/publish.yml,ubuntu-latest,0,1
docker,bake-action,.github/workflows/test.yml,master,https://github.com/docker/bake-action/blob/41c10f2beb4c60ac3eb05f9d48947994b7ae47e5/.github/workflows/test.yml,ubuntu-latest,0,1
docker,bake-action,.github/workflows/validate.yml,master,https://github.com/docker/bake-action/blob/41c10f2beb4c60ac3eb05f9d48947994b7ae47e5/.github/workflows/validate.yml,ubuntu-latest,0,1
docker,base-cli-plugin,.github/workflows/go.yml,main,https://github.com/docker/base-cli-plugin/blob/45dec2439edf53ca9f6964a0cdb228cb8198ee2e/.github/workflows/go.yml,ubuntu-latest,0,1
docker,base-cli-plugin,.github/workflows/goreleaser.yaml,main,https://github.com/docker/base-cli-plugin/blob/45dec2439edf53ca9f6964a0cdb228cb8198ee2e/.github/workflows/goreleaser.yaml,ubuntu-latest,0,1
docker,build-push-action,.github/workflows/.e2e-run.yml,master,https://github.com/docker/build-push-action/blob/9e436ba9f2d7bcd1d038c8e55d039d37896ddc5d/.github/workflows/.e2e-run.yml,ubuntu-latest,0,1
docker,build-push-action,.github/workflows/ci.yml,master,https://github.com/docker/build-push-action/blob/9e436ba9f2d7bcd1d038c8e55d039d37896ddc5d/.github/workflows/ci.yml,ubuntu-latest,0,1
docker,build-push-action,.github/workflows/publish.yml,master,https://github.com/docker/build-push-action/blob/9e436ba9f2d7bcd1d038c8e55d039d37896ddc5d/.github/workflows/publish.yml,ubuntu-latest,0,1
docker,build-push-action,.github/workflows/test.yml,master,https://github.com/docker/build-push-action/blob/9e436ba9f2d7bcd1d038c8e55d039d37896ddc5d/.github/workflows/test.yml,ubuntu-latest,0,1
docker,build-push-action,.github/workflows/validate.yml,master,https://github.com/docker/build-push-action/blob/9e436ba9f2d7bcd1d038c8e55d039d37896ddc5d/.github/workflows/validate.yml,ubuntu-latest,0,1
docker,buildkit-syft-scanner,.github/workflows/buildkit-image.yml,master,https://github.com/docker/buildkit-syft-scanner/blob/7f88f574a306067cc8ec471b6d5a4a70f0c26208/.github/workflows/buildkit-image.yml,ubuntu-latest,0,1
docker,buildkit-syft-scanner,.github/workflows/ci.yaml,master,https://github.com/docker/buildkit-syft-scanner/blob/7f88f574a306067cc8ec471b6d5a4a70f0c26208/.github/workflows/ci.yaml,ubuntu-latest,0,1
docker,buildkit-syft-scanner,.github/workflows/e2e.yml,master,https://github.com/docker/buildkit-syft-scanner/blob/7f88f574a306067cc8ec471b6d5a4a70f0c26208/.github/workflows/e2e.yml,ubuntu-latest,0,1
docker,buildkit-syft-scanner,.github/workflows/validate.yml,master,https://github.com/docker/buildkit-syft-scanner/blob/7f88f574a306067cc8ec471b6d5a4a70f0c26208/.github/workflows/validate.yml,ubuntu-latest,0,1
docker,buildx,.github/workflows/build.yml,master,https://github.com/docker/buildx/blob/abf6ab4a377ff196714ba06d8e62407ef1750549/.github/workflows/build.yml,macos-14,0,1
docker,buildx,.github/workflows/build.yml,master,https://github.com/docker/buildx/blob/abf6ab4a377ff196714ba06d8e62407ef1750549/.github/workflows/build.yml,ubuntu-22.04,0,1
docker,buildx,.github/workflows/build.yml,master,https://github.com/docker/buildx/blob/abf6ab4a377ff196714ba06d8e62407ef1750549/.github/workflows/build.yml,ubuntu-24.04,0,1
docker,buildx,.github/workflows/build.yml,master,https://github.com/docker/buildx/blob/abf6ab4a377ff196714ba06d8e62407ef1750549/.github/workflows/build.yml,windows-2022,0,1
docker,buildx,.github/workflows/codeql.yml,master,https://github.com/docker/buildx/blob/abf6ab4a377ff196714ba06d8e62407ef1750549/.github/workflows/codeql.yml,ubuntu-24.04,0,1
docker,buildx,.github/workflows/docs-release.yml,master,https://github.com/docker/buildx/blob/abf6ab4a377ff196714ba06d8e62407ef1750549/.github/workflows/docs-release.yml,ubuntu-24.04,0,1
docker,buildx,.github/workflows/docs-upstream.yml,master,https://github.com/docker/buildx/blob/abf6ab4a377ff196714ba06d8e62407ef1750549/.github/workflows/docs-upstream.yml,ubuntu-24.04,0,1
docker,buildx,.github/workflows/e2e.yml,master,https://github.com/docker/buildx/blob/abf6ab4a377ff196714ba06d8e62407ef1750549/.github/workflows/e2e.yml,ubuntu-24.04,0,1
docker,buildx,.github/workflows/labeler.yml,master,https://github.com/docker/buildx/blob/abf6ab4a377ff196714ba06d8e62407ef1750549/.github/workflows/labeler.yml,ubuntu-latest,0,1
docker,buildx,.github/workflows/validate.yml,master,https://github.com/docker/buildx/blob/abf6ab4a377ff196714ba06d8e62407ef1750549/.github/workflows/validate.yml,ubuntu-24.04,0,1
docker,cagent,.github/workflows/ci.yml,main,https://github.com/docker/cagent/blob/4148d8cb21cd0fd89a073f6c140681c68b68236c/.github/workflows/ci.yml,ubuntu-latest,0,1
docker,cli-docs-tool,.github/workflows/test.yml,main,https://github.com/docker/cli-docs-tool/blob/3c1cdbb86f9b3099dcda9046ad861326a62b0081/.github/workflows/test.yml,ubuntu-latest,0,1
docker,cli,.github/workflows/build.yml,master,https://github.com/docker/cli/blob/171a9b70b2736c719019393259ecebdcac47bead/.github/workflows/build.yml,ubuntu-24.04,0,1
docker,cli,.github/workflows/codeql.yml,master,https://github.com/docker/cli/blob/171a9b70b2736c719019393259ecebdcac47bead/.github/workflows/codeql.yml,ubuntu-24.04,0,1
docker,cli,.github/workflows/e2e.yml,master,https://github.com/docker/cli/blob/171a9b70b2736c719019393259ecebdcac47bead/.github/workflows/e2e.yml,ubuntu-24.04,0,1
docker,cli,.github/workflows/test.yml,master,https://github.com/docker/cli/blob/171a9b70b2736c719019393259ecebdcac47bead/.github/workflows/test.yml,macos-14,0,1
docker,cli,.github/workflows/test.yml,master,https://github.com/docker/cli/blob/171a9b70b2736c719019393259ecebdcac47bead/.github/workflows/test.yml,macos-15,0,1
docker,cli,.github/workflows/test.yml,master,https://github.com/docker/cli/blob/171a9b70b2736c719019393259ecebdcac47bead/.github/workflows/test.yml,macos-15-intel,1,1
docker,cli,.github/workflows/test.yml,master,https://github.com/docker/cli/blob/171a9b70b2736c719019393259ecebdcac47bead/.github/workflows/test.yml,ubuntu-24.04,0,1
docker,cli,.github/workflows/validate-pr.yml,master,https://github.com/docker/cli/blob/171a9b70b2736c719019393259ecebdcac47bead/.github/workflows/validate-pr.yml,ubuntu-24.04,0,1
docker,cli,.github/workflows/validate.yml,master,https://github.com/docker/cli/blob/171a9b70b2736c719019393259ecebdcac47bead/.github/workflows/validate.yml,ubuntu-24.04,0,1
docker,compose-bridge-transformer,.github/workflows/transformer-images.yaml,main,https://github.com/docker/compose-bridge-transformer/blob/676ea5d8c9cc5544df8918cd65eca52b95712a01/.github/workflows/transformer-images.yaml,ubuntu-latest,0,1
docker,compose-for-agents,.github/workflows/a2a.yaml,main,https://github.com/docker/compose-for-agents/blob/c47af8c51050e97293d027cc06fee93d3a0b3804/.github/workflows/a2a.yaml,ubuntu-latest,0,1
docker,compose-for-agents,.github/workflows/adk-cerebras.yaml,main,https://github.com/docker/compose-for-agents/blob/c47af8c51050e97293d027cc06fee93d3a0b3804/.github/workflows/adk-cerebras.yaml,ubuntu-latest,0,1
docker,compose-for-agents,.github/workflows/adk.yaml,main,https://github.com/docker/compose-for-agents/blob/c47af8c51050e97293d027cc06fee93d3a0b3804/.github/workflows/adk.yaml,ubuntu-latest,0,1
docker,compose-for-agents,.github/workflows/agno.yaml,main,https://github.com/docker/compose-for-agents/blob/c47af8c51050e97293d027cc06fee93d3a0b3804/.github/workflows/agno.yaml,ubuntu-latest,0,1
docker,compose-for-agents,.github/workflows/akka.yaml,main,https://github.com/docker/compose-for-agents/blob/c47af8c51050e97293d027cc06fee93d3a0b3804/.github/workflows/akka.yaml,ubuntu-latest,0,1
docker,compose-for-agents,.github/workflows/crew-ai.yaml,main,https://github.com/docker/compose-for-agents/blob/c47af8c51050e97293d027cc06fee93d3a0b3804/.github/workflows/crew-ai.yaml,ubuntu-latest,0,1
docker,compose-for-agents,.github/workflows/langgraph.yaml,main,https://github.com/docker/compose-for-agents/blob/c47af8c51050e97293d027cc06fee93d3a0b3804/.github/workflows/langgraph.yaml,ubuntu-latest,0,1
docker,compose-for-agents,.github/workflows/markdownlint.yaml,main,https://github.com/docker/compose-for-agents/blob/c47af8c51050e97293d027cc06fee93d3a0b3804/.github/workflows/markdownlint.yaml,ubuntu-latest,0,1
docker,compose-for-agents,.github/workflows/yamllint.yaml,main,https://github.com/docker/compose-for-agents/blob/c47af8c51050e97293d027cc06fee93d3a0b3804/.github/workflows/yamllint.yaml,ubuntu-latest,0,1
docker,compose-language-service,.github/workflows/info-needed-closer.yml,main,https://github.com/docker/compose-language-service/blob/ac0d4e988dd914ca90672cdb3e4e83bba7fb2997/.github/workflows/info-needed-closer.yml,ubuntu-latest,0,1
docker,compose-language-service,.github/workflows/locker.yml,main,https://github.com/docker/compose-language-service/blob/ac0d4e988dd914ca90672cdb3e4e83bba7fb2997/.github/workflows/locker.yml,ubuntu-latest,0,1
docker,compose-switch,.github/workflows/ci.yml,master,https://github.com/docker/compose-switch/blob/431ccbdadf5152980e1fb1fa1928c7a0531e7d80/.github/workflows/ci.yml,macos-latest,0,1
docker,compose-switch,.github/workflows/ci.yml,master,https://github.com/docker/compose-switch/blob/431ccbdadf5152980e1fb1fa1928c7a0531e7d80/.github/workflows/ci.yml,ubuntu-latest,0,1
docker,compose-switch,.github/workflows/ci.yml,master,https://github.com/docker/compose-switch/blob/431ccbdadf5152980e1fb1fa1928c7a0531e7d80/.github/workflows/ci.yml,windows-latest,0,1
docker,compose-switch,.github/workflows/release-weekly-build.yml,master,https://github.com/docker/compose-switch/blob/431ccbdadf5152980e1fb1fa1928c7a0531e7d80/.github/workflows/release-weekly-build.yml,ubuntu-latest,0,1
docker,compose,.github/workflows/ci.yml,main,https://github.com/docker/compose/blob/be8c7e6c60c6dad95527fa4a338a1490ea5f3f97/.github/workflows/ci.yml,ubuntu-latest,0,1
docker,compose,.github/workflows/docs-upstream.yml,main,https://github.com/docker/compose/blob/be8c7e6c60c6dad95527fa4a338a1490ea5f3f97/.github/workflows/docs-upstream.yml,ubuntu-latest,0,1
docker,compose,.github/workflows/merge.yml,main,https://github.com/docker/compose/blob/be8c7e6c60c6dad95527fa4a338a1490ea5f3f97/.github/workflows/merge.yml,desktop-m1,1,1
docker,compose,.github/workflows/merge.yml,main,https://github.com/docker/compose/blob/be8c7e6c60c6dad95527fa4a338a1490ea5f3f97/.github/workflows/merge.yml,desktop-macos,1,1
docker,compose,.github/workflows/merge.yml,main,https://github.com/docker/compose/blob/be8c7e6c60c6dad95527fa4a338a1490ea5f3f97/.github/workflows/merge.yml,desktop-windows,1,1
docker,compose,.github/workflows/merge.yml,main,https://github.com/docker/compose/blob/be8c7e6c60c6dad95527fa4a338a1490ea5f3f97/.github/workflows/merge.yml,ubuntu-22.04,0,1
docker,compose,.github/workflows/merge.yml,main,https://github.com/docker/compose/blob/be8c7e6c60c6dad95527fa4a338a1490ea5f3f97/.github/workflows/merge.yml,ubuntu-latest,0,1
docker,compose,.github/workflows/scorecards.yml,main,https://github.com/docker/compose/blob/be8c7e6c60c6dad95527fa4a338a1490ea5f3f97/.github/workflows/scorecards.yml,ubuntu-latest,0,1
docker,compose,.github/workflows/stale.yml,main,https://github.com/docker/compose/blob/be8c7e6c60c6dad95527fa4a338a1490ea5f3f97/.github/workflows/stale.yml,ubuntu-latest,0,1
docker,dagster-poc,.github/workflows/branch_deployments.yml,main,https://github.com/docker/dagster-poc/blob/962496542964ae843dd88d338c8ee14407490f33/.github/workflows/branch_deployments.yml,ubuntu-20.04,0,1
docker,dagster-poc,.github/workflows/deploy.yml,main,https://github.com/docker/dagster-poc/blob/962496542964ae843dd88d338c8ee14407490f33/.github/workflows/deploy.yml,ubuntu-20.04,0,1
docker,desktop-action,.github/workflows/ci.yaml,main,https://github.com/docker/desktop-action/blob/70b6492577832988cce80d7bba119a2eb61ac5d6/.github/workflows/ci.yaml,ubuntu-latest,0,1
docker,desktop-cloud-provider,.github/workflows/publish.yaml,main,https://github.com/docker/desktop-cloud-provider/blob/318750d0ddd219b56d569c4e92e0da57bfeba3ef/.github/workflows/publish.yaml,ubuntu-latest,0,1
docker,docker-bench-security,.github/workflows/issues.yml,master,https://github.com/docker/docker-bench-security/blob/ff26d67f25be60fc2d82a01710ee14570b2cb9db/.github/workflows/issues.yml,ubuntu-latest,0,1
docker,docker-bench-security,.github/workflows/slsa.yml,master,https://github.com/docker/docker-bench-security/blob/ff26d67f25be60fc2d82a01710ee14570b2cb9db/.github/workflows/slsa.yml,ubuntu-latest,0,1
docker,docker-ce-packaging,.github/workflows/ci.yml,master,https://github.com/docker/docker-ce-packaging/blob/33fd879c4693cad76f77f543db6937fa0d3dc4bd/.github/workflows/ci.yml,ubuntu-24.04,0,1
docker,docker-credential-helpers,.github/workflows/build.yml,master,https://github.com/docker/docker-credential-helpers/blob/b7a754b9ffdf0e99e63ca384435bdacf4bc83e6b/.github/workflows/build.yml,macos-14,0,1
docker,docker-credential-helpers,.github/workflows/build.yml,master,https://github.com/docker/docker-credential-helpers/blob/b7a754b9ffdf0e99e63ca384435bdacf4bc83e6b/.github/workflows/build.yml,macos-15,0,1
docker,docker-credential-helpers,.github/workflows/build.yml,master,https://github.com/docker/docker-credential-helpers/blob/b7a754b9ffdf0e99e63ca384435bdacf4bc83e6b/.github/workflows/build.yml,macos-15-intel,1,1
docker,docker-credential-helpers,.github/workflows/build.yml,master,https://github.com/docker/docker-credential-helpers/blob/b7a754b9ffdf0e99e63ca384435bdacf4bc83e6b/.github/workflows/build.yml,ubuntu-22.04,0,1
docker,docker-credential-helpers,.github/workflows/build.yml,master,https://github.com/docker/docker-credential-helpers/blob/b7a754b9ffdf0e99e63ca384435bdacf4bc83e6b/.github/workflows/build.yml,ubuntu-24.04,0,1
docker,docker-credential-helpers,.github/workflows/build.yml,master,https://github.com/docker/docker-credential-helpers/blob/b7a754b9ffdf0e99e63ca384435bdacf4bc83e6b/.github/workflows/build.yml,windows-2022,0,1
docker,docker-gs-ping,.github/workflows/ci-cd.yml,main,https://github.com/docker/docker-gs-ping/blob/fbee2036cc90b84f87e8a95b7de2a1c4065c87c7/.github/workflows/ci-cd.yml,ubuntu-latest,0,1
docker,docker-gs-ping,.github/workflows/ci-smoketest.yml,main,https://github.com/docker/docker-gs-ping/blob/fbee2036cc90b84f87e8a95b7de2a1c4065c87c7/.github/workflows/ci-smoketest.yml,ubuntu-latest,0,1
docker,docker-install,.github/workflows/ci.yml,master,https://github.com/docker/docker-install/blob/86415efcfe5f8d966625843da41a0f798238cce5/.github/workflows/ci.yml,ubuntu-latest,0,1
docker,docker-install,.github/workflows/diff.yml,master,https://github.com/docker/docker-install/blob/86415efcfe5f8d966625843da41a0f798238cce5/.github/workflows/diff.yml,ubuntu-24.04,0,1
docker,docker-language-server,.github/workflows/build.yml,main,https://github.com/docker/docker-language-server/blob/cb62b8b3710e81988521238c89232e95ef728111/.github/workflows/build.yml,ubuntu-latest,0,1
docker,docker-language-server,.github/workflows/build.yml,main,https://github.com/docker/docker-language-server/blob/cb62b8b3710e81988521238c89232e95ef728111/.github/workflows/build.yml,windows-latest,0,1
docker,docker-language-server,.github/workflows/prepare-release.yml,main,https://github.com/docker/docker-language-server/blob/cb62b8b3710e81988521238c89232e95ef728111/.github/workflows/prepare-release.yml,ubuntu-latest,0,1
docker,docker-py,.github/workflows/ci.yml,main,https://github.com/docker/docker-py/blob/65f7f0c772577beb5e2cd6daac4e5ca806ccc4af/.github/workflows/ci.yml,ubuntu-22.04,0,1
docker,docker-py,.github/workflows/ci.yml,main,https://github.com/docker/docker-py/blob/65f7f0c772577beb5e2cd6daac4e5ca806ccc4af/.github/workflows/ci.yml,ubuntu-latest,0,1
docker,docker-py,.github/workflows/release.yml,main,https://github.com/docker/docker-py/blob/65f7f0c772577beb5e2cd6daac4e5ca806ccc4af/.github/workflows/release.yml,ubuntu-22.04,0,1
docker,docs,.github/workflows/build.yml,main,https://github.com/docker/docs/blob/c0e404f003095c227899174950507d4cb998e357/.github/workflows/build.yml,ubuntu-24.04,0,1
docker,docs,.github/workflows/deploy.yml,main,https://github.com/docker/docs/blob/c0e404f003095c227899174950507d4cb998e357/.github/workflows/deploy.yml,ubuntu-24.04,0,1
docker,docs,.github/workflows/labeler.yml,main,https://github.com/docker/docs/blob/c0e404f003095c227899174950507d4cb998e357/.github/workflows/labeler.yml,ubuntu-24.04,0,1
docker,docs,.github/workflows/validate-upstream.yml,main,https://github.com/docker/docs/blob/c0e404f003095c227899174950507d4cb998e357/.github/workflows/validate-upstream.yml,ubuntu-24.04,0,1
docker,doi-image-policy,.github/workflows/test.yml,main,https://github.com/docker/doi-image-policy/blob/a6f29fedeb8682fa26a269469717a8684146d77d/.github/workflows/test.yml,ubuntu-latest,0,1
docker,envoy,.github/workflows/build-and-release.yaml,main,https://github.com/docker/envoy/blob/67c9a89f3d19e8997e641c4ca54dfd396892d6bd/.github/workflows/build-and-release.yaml,ubuntu-latest,0,1
docker,eventsource,.github/workflows/build.yml,master,https://github.com/docker/eventsource/blob/a950a229dc730928df43abfd49f27391acbf52b4/.github/workflows/build.yml,ubuntu-latest,0,1
docker,extensions-sdk,.github/workflows/ci.yaml,main,https://github.com/docker/extensions-sdk/blob/b2c3be9f7e1eb7051190ed4d658dc7212384b7fc/.github/workflows/ci.yaml,ubuntu-latest,0,1
docker,extensions-submissions,.github/workflows/tos.yaml,main,https://github.com/docker/extensions-submissions/blob/460fef63ab337fce96c413fb2b621f5cdf2df947/.github/workflows/tos.yaml,ubuntu-latest,0,1
docker,extensions-submissions,.github/workflows/validation.yaml,main,https://github.com/docker/extensions-submissions/blob/460fef63ab337fce96c413fb2b621f5cdf2df947/.github/workflows/validation.yaml,ubuntu-latest,0,1
docker,getting-started,.github/workflows/build.yml,master,https://github.com/docker/getting-started/blob/bb1aed919a10b3e25a3576f4b74513ad2b039e4a/.github/workflows/build.yml,ubuntu-latest,0,1
docker,ghaction-dump-context,.github/workflows/ci.yml,master,https://github.com/docker/ghaction-dump-context/blob/5355a8e5e6ac5a302e746a1c4b7747a0393863c8/.github/workflows/ci.yml,macos-latest,0,1
docker,ghaction-dump-context,.github/workflows/ci.yml,master,https://github.com/docker/ghaction-dump-context/blob/5355a8e5e6ac5a302e746a1c4b7747a0393863c8/.github/workflows/ci.yml,ubuntu-20.04,0,1
docker,ghaction-dump-context,.github/workflows/ci.yml,master,https://github.com/docker/ghaction-dump-context/blob/5355a8e5e6ac5a302e746a1c4b7747a0393863c8/.github/workflows/ci.yml,ubuntu-latest,0,1
docker,ghaction-dump-context,.github/workflows/ci.yml,master,https://github.com/docker/ghaction-dump-context/blob/5355a8e5e6ac5a302e746a1c4b7747a0393863c8/.github/workflows/ci.yml,windows-latest,0,1
docker,ghaction-dump-context,.github/workflows/labels.yml,master,https://github.com/docker/ghaction-dump-context/blob/5355a8e5e6ac5a302e746a1c4b7747a0393863c8/.github/workflows/labels.yml,ubuntu-latest,0,1
docker,go-connections,.github/workflows/test.yml,main,https://github.com/docker/go-connections/blob/c296721c0d56d3acad2973376ded214103a4fd2e/.github/workflows/test.yml,macos-latest,0,1
docker,go-connections,.github/workflows/test.yml,main,https://github.com/docker/go-connections/blob/c296721c0d56d3acad2973376ded214103a4fd2e/.github/workflows/test.yml,ubuntu-24.04,0,1
docker,go-connections,.github/workflows/test.yml,main,https://github.com/docker/go-connections/blob/c296721c0d56d3acad2973376ded214103a4fd2e/.github/workflows/test.yml,windows-latest,0,1
docker,go-containerregistry,.github/workflows/analyze.yaml,main,https://github.com/docker/go-containerregistry/blob/b4625a059fbebc45bfe8df53e19fac2778910f6d/.github/workflows/analyze.yaml,ubuntu-latest,0,1
docker,go-containerregistry,.github/workflows/boilerplate.yaml,main,https://github.com/docker/go-containerregistry/blob/b4625a059fbebc45bfe8df53e19fac2778910f6d/.github/workflows/boilerplate.yaml,ubuntu-latest,0,1
docker,go-containerregistry,.github/workflows/build.yaml,main,https://github.com/docker/go-containerregistry/blob/b4625a059fbebc45bfe8df53e19fac2778910f6d/.github/workflows/build.yaml,ubuntu-latest,0,1
docker,go-containerregistry,.github/workflows/bump-deps.yaml,main,https://github.com/docker/go-containerregistry/blob/b4625a059fbebc45bfe8df53e19fac2778910f6d/.github/workflows/bump-deps.yaml,ubuntu-latest,0,1
docker,go-containerregistry,.github/workflows/donotsubmit.yaml,main,https://github.com/docker/go-containerregistry/blob/b4625a059fbebc45bfe8df53e19fac2778910f6d/.github/workflows/donotsubmit.yaml,ubuntu-latest,0,1
docker,go-containerregistry,.github/workflows/e2e.yaml,main,https://github.com/docker/go-containerregistry/blob/b4625a059fbebc45bfe8df53e19fac2778910f6d/.github/workflows/e2e.yaml,ubuntu-latest,0,1
docker,go-containerregistry,.github/workflows/e2e.yaml,main,https://github.com/docker/go-containerregistry/blob/b4625a059fbebc45bfe8df53e19fac2778910f6d/.github/workflows/e2e.yaml,windows-latest,0,1
docker,go-containerregistry,.github/workflows/ecr-auth.yaml,main,https://github.com/docker/go-containerregistry/blob/b4625a059fbebc45bfe8df53e19fac2778910f6d/.github/workflows/ecr-auth.yaml,ubuntu-latest,0,1
docker,go-containerregistry,.github/workflows/ghcr-auth.yaml,main,https://github.com/docker/go-containerregistry/blob/b4625a059fbebc45bfe8df53e19fac2778910f6d/.github/workflows/ghcr-auth.yaml,ubuntu-latest,0,1
docker,go-containerregistry,.github/workflows/presubmit.yaml,main,https://github.com/docker/go-containerregistry/blob/b4625a059fbebc45bfe8df53e19fac2778910f6d/.github/workflows/presubmit.yaml,ubuntu-latest,0,1
docker,go-containerregistry,.github/workflows/release.yml,main,https://github.com/docker/go-containerregistry/blob/b4625a059fbebc45bfe8df53e19fac2778910f6d/.github/workflows/release.yml,ubuntu-latest,0,1
docker,go-containerregistry,.github/workflows/stale.yaml,main,https://github.com/docker/go-containerregistry/blob/b4625a059fbebc45bfe8df53e19fac2778910f6d/.github/workflows/stale.yaml,ubuntu-latest,0,1
docker,go-containerregistry,.github/workflows/style.yaml,main,https://github.com/docker/go-containerregistry/blob/b4625a059fbebc45bfe8df53e19fac2778910f6d/.github/workflows/style.yaml,ubuntu-latest,0,1
docker,go-containerregistry,.github/workflows/test.yaml,main,https://github.com/docker/go-containerregistry/blob/b4625a059fbebc45bfe8df53e19fac2778910f6d/.github/workflows/test.yaml,ubuntu-latest,0,1
docker,go-events,.github/workflows/ci.yml,main,https://github.com/docker/go-events/blob/605354379745b6c8c77a74b63d5efac4769a11fd/.github/workflows/ci.yml,ubuntu-24.04,0,1
docker,go-events,.github/workflows/codeql.yml,main,https://github.com/docker/go-events/blob/605354379745b6c8c77a74b63d5efac4769a11fd/.github/workflows/codeql.yml,ubuntu-24.04,0,1
docker,go-imageinspect,.github/workflows/ci.yml,main,https://github.com/docker/go-imageinspect/blob/e405fbd0dd06cd547c60f0269642e0a3bed14e94/.github/workflows/ci.yml,ubuntu-latest,0,1
docker,go-plugins-helpers,.github/workflows/ci.yaml,main,https://github.com/docker/go-plugins-helpers/blob/45e2431495c83b9ca1c2a669987d6e1afad07774/.github/workflows/ci.yaml,ubuntu-20.04,0,1
docker,go-sdk,.github/workflows/ci-benchmarks.yml,main,https://github.com/docker/go-sdk/blob/009435f998418800006e2dda0e1a9184ff70f9d5/.github/workflows/ci-benchmarks.yml,ubuntu-latest,0,1
docker,go-sdk,.github/workflows/ci-lint-go.yml,main,https://github.com/docker/go-sdk/blob/009435f998418800006e2dda0e1a9184ff70f9d5/.github/workflows/ci-lint-go.yml,ubuntu-latest,0,1
docker,go-sdk,.github/workflows/ci-test-go.yml,main,https://github.com/docker/go-sdk/blob/009435f998418800006e2dda0e1a9184ff70f9d5/.github/workflows/ci-test-go.yml,macos-latest,0,1
docker,go-sdk,.github/workflows/ci-test-go.yml,main,https://github.com/docker/go-sdk/blob/009435f998418800006e2dda0e1a9184ff70f9d5/.github/workflows/ci-test-go.yml,ubuntu-latest,0,1
docker,go-sdk,.github/workflows/ci-test-go.yml,main,https://github.com/docker/go-sdk/blob/009435f998418800006e2dda0e1a9184ff70f9d5/.github/workflows/ci-test-go.yml,windows-latest,0,1
docker,go-sdk,.github/workflows/ci.yml,main,https://github.com/docker/go-sdk/blob/009435f998418800006e2dda0e1a9184ff70f9d5/.github/workflows/ci.yml,ubuntu-latest,0,1
docker,go-sdk,.github/workflows/conventions.yml,main,https://github.com/docker/go-sdk/blob/009435f998418800006e2dda0e1a9184ff70f9d5/.github/workflows/conventions.yml,ubuntu-latest,0,1
docker,go-sdk,.github/workflows/release-drafter.yml,main,https://github.com/docker/go-sdk/blob/009435f998418800006e2dda0e1a9184ff70f9d5/.github/workflows/release-drafter.yml,ubuntu-latest,0,1
docker,go-sdk,.github/workflows/release-module.yml,main,https://github.com/docker/go-sdk/blob/009435f998418800006e2dda0e1a9184ff70f9d5/.github/workflows/release-module.yml,ubuntu-latest,0,1
docker,go-sdk,.github/workflows/release-modules.yml,main,https://github.com/docker/go-sdk/blob/009435f998418800006e2dda0e1a9184ff70f9d5/.github/workflows/release-modules.yml,ubuntu-latest,0,1
docker,go-sdk,.github/workflows/sonar-bulk-operations.yml,main,https://github.com/docker/go-sdk/blob/009435f998418800006e2dda0e1a9184ff70f9d5/.github/workflows/sonar-bulk-operations.yml,ubuntu-latest,0,1
docker,go-sdk,.github/workflows/sonar-create-project.yml,main,https://github.com/docker/go-sdk/blob/009435f998418800006e2dda0e1a9184ff70f9d5/.github/workflows/sonar-create-project.yml,ubuntu-latest,0,1
docker,go-sdk,.github/workflows/sonar-delete-project.yml,main,https://github.com/docker/go-sdk/blob/009435f998418800006e2dda0e1a9184ff70f9d5/.github/workflows/sonar-delete-project.yml,ubuntu-latest,0,1
docker,go-tuf-mirror,.github/workflows/release-drafter.yml,main,https://github.com/docker/go-tuf-mirror/blob/6cb12d389865b1c179abfe5156a0703f29a3063c/.github/workflows/release-drafter.yml,ubuntu-latest,0,1
docker,go-tuf-mirror,.github/workflows/release.yml,main,https://github.com/docker/go-tuf-mirror/blob/6cb12d389865b1c179abfe5156a0703f29a3063c/.github/workflows/release.yml,ubuntu-latest,0,1
docker,go-tuf-mirror,.github/workflows/test.yml,main,https://github.com/docker/go-tuf-mirror/blob/6cb12d389865b1c179abfe5156a0703f29a3063c/.github/workflows/test.yml,macos-latest,0,1
docker,go-tuf-mirror,.github/workflows/test.yml,main,https://github.com/docker/go-tuf-mirror/blob/6cb12d389865b1c179abfe5156a0703f29a3063c/.github/workflows/test.yml,ubuntu-latest,0,1
docker,go-tuf-mirror,.github/workflows/test.yml,main,https://github.com/docker/go-tuf-mirror/blob/6cb12d389865b1c179abfe5156a0703f29a3063c/.github/workflows/test.yml,windows-latest,0,1
docker,go-winio,.github/workflows/ci.yml,main,https://github.com/docker/go-winio/blob/2fc31b79aab43dca849dcbd8cd8072a6aa9f1008/.github/workflows/ci.yml,ubuntu-latest,0,1
docker,go-winio,.github/workflows/ci.yml,main,https://github.com/docker/go-winio/blob/2fc31b79aab43dca849dcbd8cd8072a6aa9f1008/.github/workflows/ci.yml,windows-2019,0,0
docker,go-winio,.github/workflows/ci.yml,main,https://github.com/docker/go-winio/blob/2fc31b79aab43dca849dcbd8cd8072a6aa9f1008/.github/workflows/ci.yml,windows-2022,0,1
docker,hello-genai,.github/workflows/smoke-tests.yml,main,https://github.com/docker/hello-genai/blob/01cb89a531e807520dcd3d228c53e59d63f39d8a/.github/workflows/smoke-tests.yml,ubuntu-latest,0,1
docker,hub-feedback,.github/workflows/issues_bot.yml,main,https://github.com/docker/hub-feedback/blob/304d7ef8b7f2907158697b6511aa68621ac86c3f/.github/workflows/issues_bot.yml,ubuntu-latest,0,1
docker,hub-feedback,.github/workflows/set_new_label_and_comment.yml,main,https://github.com/docker/hub-feedback/blob/304d7ef8b7f2907158697b6511aa68621ac86c3f/.github/workflows/set_new_label_and_comment.yml,ubuntu-latest,0,1
docker,hub-mcp,.github/workflows/lint.yml,main,https://github.com/docker/hub-mcp/blob/efa0035c49074953e64ad5c89a3404e252b2703c/.github/workflows/lint.yml,ubuntu-latest,0,1
docker,hub-mcp,.github/workflows/release.yml,main,https://github.com/docker/hub-mcp/blob/efa0035c49074953e64ad5c89a3404e252b2703c/.github/workflows/release.yml,ubuntu-latest,0,1
docker,hub-mcp,.github/workflows/scorecard.yml,main,https://github.com/docker/hub-mcp/blob/efa0035c49074953e64ad5c89a3404e252b2703c/.github/workflows/scorecard.yml,ubuntu-latest,0,1
docker,hub-mcp,.github/workflows/tools-list.yml,main,https://github.com/docker/hub-mcp/blob/efa0035c49074953e64ad5c89a3404e252b2703c/.github/workflows/tools-list.yml,ubuntu-latest,0,1
docker,hub-tool,.github/workflows/build-pr.yml,main,https://github.com/docker/hub-tool/blob/74bc560cdbc56bd232c49033c2f37194b7b40e62/.github/workflows/build-pr.yml,ubuntu-latest,0,1
docker,hub-tool,.github/workflows/release-weekly-build.yml,main,https://github.com/docker/hub-tool/blob/74bc560cdbc56bd232c49033c2f37194b7b40e62/.github/workflows/release-weekly-build.yml,macos-latest,0,1
docker,hub-tool,.github/workflows/release-weekly-build.yml,main,https://github.com/docker/hub-tool/blob/74bc560cdbc56bd232c49033c2f37194b7b40e62/.github/workflows/release-weekly-build.yml,ubuntu-latest,0,1
docker,hub-tool,.github/workflows/release-weekly-build.yml,main,https://github.com/docker/hub-tool/blob/74bc560cdbc56bd232c49033c2f37194b7b40e62/.github/workflows/release-weekly-build.yml,windows-latest,0,1
docker,inference-engine-vllm,.github/workflows/build.yml,main,https://github.com/docker/inference-engine-vllm/blob/1825fc802ecb14314a13c7cea898ec97328989ff/.github/workflows/build.yml,ubuntu-latest,0,1
docker,kind,.github/workflows/docker.yaml,main,https://github.com/docker/kind/blob/b25a6ed649a1707e2ea78d9b5c2ddc23d42127da/.github/workflows/docker.yaml,ubuntu-20.04,0,1
docker,kind,.github/workflows/nerdctl.yaml,main,https://github.com/docker/kind/blob/b25a6ed649a1707e2ea78d9b5c2ddc23d42127da/.github/workflows/nerdctl.yaml,ubuntu-22.04,0,1
docker,kind,.github/workflows/podman.yml,main,https://github.com/docker/kind/blob/b25a6ed649a1707e2ea78d9b5c2ddc23d42127da/.github/workflows/podman.yml,ubuntu-20.04,0,1
docker,kind,.github/workflows/vm.yaml,main,https://github.com/docker/kind/blob/b25a6ed649a1707e2ea78d9b5c2ddc23d42127da/.github/workflows/vm.yaml,ubuntu-22.04,0,1
docker,labs-ai-tools-for-devs,.github/workflows/extension.yml,main,https://github.com/docker/labs-ai-tools-for-devs/blob/5f84f06cdcd8a44ab24a8e4bc7ae7284c58b7518/.github/workflows/extension.yml,ubuntu-latest,0,1
docker,labs-ai-tools-for-devs,.github/workflows/prompts-docker.yml,main,https://github.com/docker/labs-ai-tools-for-devs/blob/5f84f06cdcd8a44ab24a8e4bc7ae7284c58b7518/.github/workflows/prompts-docker.yml,ubuntu-latest,0,1
docker,labs-ai-tools-for-devs,.github/workflows/test-extension.yml,main,https://github.com/docker/labs-ai-tools-for-devs/blob/5f84f06cdcd8a44ab24a8e4bc7ae7284c58b7518/.github/workflows/test-extension.yml,ubuntu-latest,0,1
docker,labs-ai-tools-vscode,.github/workflows/build-release.yml,main,https://github.com/docker/labs-ai-tools-vscode/blob/ead8023a944b45fbdb2eeb0d659a7f0812bfdb2f/.github/workflows/build-release.yml,ubuntu-latest,0,1
docker,labs-ai-tools-vscode,.github/workflows/extension-tests.yml,main,https://github.com/docker/labs-ai-tools-vscode/blob/ead8023a944b45fbdb2eeb0d659a7f0812bfdb2f/.github/workflows/extension-tests.yml,ubuntu-latest,0,1
docker,labs-tape,.github/workflows/ci.yaml,main,https://github.com/docker/labs-tape/blob/5bcb16e9cee6d2fc798817b2b10698abbc9bc9be/.github/workflows/ci.yaml,ubuntu-20.04,0,1
docker,libkv,.github/workflows/dummy.yml,master,https://github.com/docker/libkv/blob/dfacc563de57ee17ca54bb3b6b2a004454f3ce41/.github/workflows/dummy.yml,ubuntu-latest,0,1
docker,login-action,.github/workflows/ci.yml,master,https://github.com/docker/login-action/blob/28fdb31ff34708d19615a74d67103ddc2ea9725c/.github/workflows/ci.yml,ubuntu-latest,0,1
docker,login-action,.github/workflows/ci.yml,master,https://github.com/docker/login-action/blob/28fdb31ff34708d19615a74d67103ddc2ea9725c/.github/workflows/ci.yml,windows-latest,0,1
docker,login-action,.github/workflows/codeql.yml,master,https://github.com/docker/login-action/blob/28fdb31ff34708d19615a74d67103ddc2ea9725c/.github/workflows/codeql.yml,ubuntu-latest,0,1
docker,login-action,.github/workflows/publish.yml,master,https://github.com/docker/login-action/blob/28fdb31ff34708d19615a74d67103ddc2ea9725c/.github/workflows/publish.yml,ubuntu-latest,0,1
docker,login-action,.github/workflows/test.yml,master,https://github.com/docker/login-action/blob/28fdb31ff34708d19615a74d67103ddc2ea9725c/.github/workflows/test.yml,ubuntu-latest,0,1
docker,login-action,.github/workflows/validate.yml,master,https://github.com/docker/login-action/blob/28fdb31ff34708d19615a74d67103ddc2ea9725c/.github/workflows/validate.yml,ubuntu-latest,0,1
docker,mcp-community-registry,.github/workflows/ci.yml,main,https://github.com/docker/mcp-community-registry/blob/9256f2ad5da6133740d7656299c4a5d1861b21c9/.github/workflows/ci.yml,ubuntu-latest,0,1
docker,mcp-community-registry,.github/workflows/claude.yml,main,https://github.com/docker/mcp-community-registry/blob/9256f2ad5da6133740d7656299c4a5d1861b21c9/.github/workflows/claude.yml,ubuntu-latest,0,1
docker,mcp-community-registry,.github/workflows/deploy.yml,main,https://github.com/docker/mcp-community-registry/blob/9256f2ad5da6133740d7656299c4a5d1861b21c9/.github/workflows/deploy.yml,ubuntu-latest,0,1
docker,mcp-community-registry,.github/workflows/release.yml,main,https://github.com/docker/mcp-community-registry/blob/9256f2ad5da6133740d7656299c4a5d1861b21c9/.github/workflows/release.yml,ubuntu-latest,0,1
docker,mcp-gateway-oauth-helpers,.github/workflows/ci.yml,main,https://github.com/docker/mcp-gateway-oauth-helpers/blob/c15705dfe5a0d5aa1ad62f9f889d27e587dac995/.github/workflows/ci.yml,ubuntu-latest,0,1
docker,mcp-gateway,.github/workflows/ci.yml,main,https://github.com/docker/mcp-gateway/blob/f316d03840a597b082cc21745c48f7a23e5c9a62/.github/workflows/ci.yml,ubuntu-latest,0,1
docker,mcp-gateway,.github/workflows/main.yml,main,https://github.com/docker/mcp-gateway/blob/f316d03840a597b082cc21745c48f7a23e5c9a62/.github/workflows/main.yml,ubuntu-latest,0,1
docker,mcp-gateway,.github/workflows/validate.yml,main,https://github.com/docker/mcp-gateway/blob/f316d03840a597b082cc21745c48f7a23e5c9a62/.github/workflows/validate.yml,ubuntu-24.04,0,1
docker,mcp-inspector,.github/workflows/main.yml,main,https://github.com/docker/mcp-inspector/blob/eb705399584b0e78564be968cdc52be3be5371f0/.github/workflows/main.yml,ubuntu-latest,0,1
docker,mcp-registry,.github/workflows/ci.yaml,main,https://github.com/docker/mcp-registry/blob/286c1cb8cc73edf9d72f763e3f468609d857f0b1/.github/workflows/ci.yaml,ubuntu-latest,0,1
docker,metadata-action,.github/workflows/ci.yml,master,https://github.com/docker/metadata-action/blob/032a4b3bda1b716928481836ac5bfe36e1feaad6/.github/workflows/ci.yml,ubuntu-latest,0,1
docker,metadata-action,.github/workflows/publish.yml,master,https://github.com/docker/metadata-action/blob/032a4b3bda1b716928481836ac5bfe36e1feaad6/.github/workflows/publish.yml,ubuntu-latest,0,1
docker,metadata-action,.github/workflows/test.yml,master,https://github.com/docker/metadata-action/blob/032a4b3bda1b716928481836ac5bfe36e1feaad6/.github/workflows/test.yml,ubuntu-latest,0,1
docker,metadata-action,.github/workflows/validate.yml,master,https://github.com/docker/metadata-action/blob/032a4b3bda1b716928481836ac5bfe36e1feaad6/.github/workflows/validate.yml,ubuntu-latest,0,1
docker,model-cards,.github/workflows/publish-model-card.yml,main,https://github.com/docker/model-cards/blob/cee6b3258d4009f9ec56a754fb26d10708b22df8/.github/workflows/publish-model-card.yml,ubuntu-latest,0,1
docker,model-cli,.github/workflows/build.yml,main,https://github.com/docker/model-cli/blob/b16c59b3d07b70451072007e887266480503e67c/.github/workflows/build.yml,macos-latest,0,1
docker,model-cli,.github/workflows/validate.yml,main,https://github.com/docker/model-cli/blob/b16c59b3d07b70451072007e887266480503e67c/.github/workflows/validate.yml,ubuntu-24.04,0,1
docker,model-distribution,.github/workflows/ci.yml,main,https://github.com/docker/model-distribution/blob/c9b8f36a9043b5c41fc0b78f28615c3d2bb0265b/.github/workflows/ci.yml,ubuntu-latest,0,1
docker,model-distribution,.github/workflows/verify-registry-push-pull.yml,main,https://github.com/docker/model-distribution/blob/c9b8f36a9043b5c41fc0b78f28615c3d2bb0265b/.github/workflows/verify-registry-push-pull.yml,ubuntu-latest,0,1
docker,model-runner,.github/workflows/ci.yml,main,https://github.com/docker/model-runner/blob/1f7eb6d3db6cd7662bf2a1e418e69659d487b9c3/.github/workflows/ci.yml,ubuntu-latest,0,1
docker,model-runner,.github/workflows/cli-build.yml,main,https://github.com/docker/model-runner/blob/1f7eb6d3db6cd7662bf2a1e418e69659d487b9c3/.github/workflows/cli-build.yml,macos-latest,0,1
docker,model-runner,.github/workflows/cli-validate.yml,main,https://github.com/docker/model-runner/blob/1f7eb6d3db6cd7662bf2a1e418e69659d487b9c3/.github/workflows/cli-validate.yml,ubuntu-24.04,0,1
docker,model-runner,.github/workflows/dmr-daily-check.yml,main,https://github.com/docker/model-runner/blob/1f7eb6d3db6cd7662bf2a1e418e69659d487b9c3/.github/workflows/dmr-daily-check.yml,ubuntu-latest,0,1
docker,model-runner,.github/workflows/release.yml,main,https://github.com/docker/model-runner/blob/1f7eb6d3db6cd7662bf2a1e418e69659d487b9c3/.github/workflows/release.yml,ubuntu-latest,0,1
docker,node-sdk-legacy,.github/workflows/main.yml,main,https://github.com/docker/node-sdk-legacy/blob/e224ebd6c4ea4c4d71bd173635015efa00d8b860/.github/workflows/main.yml,ubuntu-latest,0,1
docker,node-sdk-legacy,.github/workflows/release.yml,main,https://github.com/docker/node-sdk-legacy/blob/e224ebd6c4ea4c4d71bd173635015efa00d8b860/.github/workflows/release.yml,ubuntu-latest,0,1
docker,node-sdk,.github/workflows/ci.yml,main,https://github.com/docker/node-sdk/blob/c64e24681b3db9622c5f4100d86887d3c26c8925/.github/workflows/ci.yml,ubuntu-latest,0,1
docker,node-sdk,.github/workflows/release.yml,main,https://github.com/docker/node-sdk/blob/c64e24681b3db9622c5f4100d86887d3c26c8925/.github/workflows/release.yml,ubuntu-latest,0,1
docker,notary-official-images,.github/workflows/ci.yml,master,https://github.com/docker/notary-official-images/blob/6f17ffbcfd207a1783f20b65ba85d9577c84214f/.github/workflows/ci.yml,ubuntu-latest,0,1
docker,octoguard,.github/workflows/octoguard.yml,main,https://github.com/docker/octoguard/blob/5026ef5da09df2b11f218fd72889a601ab0181ea/.github/workflows/octoguard.yml,ubuntu-24.04,0,1
docker,packaging,.github/workflows/.build.yml,main,https://github.com/docker/packaging/blob/ebebfecc959223256807792ba69dfed110cb5d17/.github/workflows/.build.yml,ubuntu-24.04,0,1
docker,packaging,.github/workflows/labeler.yml,main,https://github.com/docker/packaging/blob/ebebfecc959223256807792ba69dfed110cb5d17/.github/workflows/labeler.yml,ubuntu-latest,0,1
docker,packaging,.github/workflows/nightly.yml,main,https://github.com/docker/packaging/blob/ebebfecc959223256807792ba69dfed110cb5d17/.github/workflows/nightly.yml,ubuntu-24.04,0,1
docker,packaging,.github/workflows/validate.yml,main,https://github.com/docker/packaging/blob/ebebfecc959223256807792ba69dfed110cb5d17/.github/workflows/validate.yml,ubuntu-24.04,0,1
docker,sbom-cli-plugin,.github/workflows/release.yaml,main,https://github.com/docker/sbom-cli-plugin/blob/b17d47dc0b20061e7924e835716caef3c6cc6a46/.github/workflows/release.yaml,ubuntu-latest,0,1
docker,sbom-cli-plugin,.github/workflows/validations.yaml,main,https://github.com/docker/sbom-cli-plugin/blob/b17d47dc0b20061e7924e835716caef3c6cc6a46/.github/workflows/validations.yaml,macos-latest,0,1
docker,sbom-cli-plugin,.github/workflows/validations.yaml,main,https://github.com/docker/sbom-cli-plugin/blob/b17d47dc0b20061e7924e835716caef3c6cc6a46/.github/workflows/validations.yaml,ubuntu-20.04,0,1
docker,scout-action,.github/workflows/release-branch.yml,main,https://github.com/docker/scout-action/blob/f8c776824083494ab0d56b8105ba2ca85c86e4de/.github/workflows/release-branch.yml,ubuntu-latest,0,1
docker,scout-action,.github/workflows/release.yml,main,https://github.com/docker/scout-action/blob/f8c776824083494ab0d56b8105ba2ca85c86e4de/.github/workflows/release.yml,ubuntu-latest,0,1
docker,scout-cli,.github/workflows/release-branch.yml,main,https://github.com/docker/scout-cli/blob/fc529c7bfb840839af93a4bec124be599e7a4901/.github/workflows/release-branch.yml,ubuntu-latest,0,1
docker,scout-cli,.github/workflows/release.yml,main,https://github.com/docker/scout-cli/blob/fc529c7bfb840839af93a4bec124be599e7a4901/.github/workflows/release.yml,ubuntu-latest,0,1
docker,setup-buildx-action,.github/workflows/ci.yml,master,https://github.com/docker/setup-buildx-action/blob/1583c0f09d26c58c59d25b0eef29792b7ce99d9a/.github/workflows/ci.yml,ubuntu-latest,0,1
docker,setup-buildx-action,.github/workflows/ci.yml,master,https://github.com/docker/setup-buildx-action/blob/1583c0f09d26c58c59d25b0eef29792b7ce99d9a/.github/workflows/ci.yml,windows-latest,0,1
docker,setup-buildx-action,.github/workflows/publish.yml,master,https://github.com/docker/setup-buildx-action/blob/1583c0f09d26c58c59d25b0eef29792b7ce99d9a/.github/workflows/publish.yml,ubuntu-latest,0,1
docker,setup-buildx-action,.github/workflows/test.yml,master,https://github.com/docker/setup-buildx-action/blob/1583c0f09d26c58c59d25b0eef29792b7ce99d9a/.github/workflows/test.yml,ubuntu-latest,0,1
docker,setup-buildx-action,.github/workflows/validate.yml,master,https://github.com/docker/setup-buildx-action/blob/1583c0f09d26c58c59d25b0eef29792b7ce99d9a/.github/workflows/validate.yml,ubuntu-latest,0,1
docker,setup-compose-action,.github/workflows/ci.yml,main,https://github.com/docker/setup-compose-action/blob/23d018c8d3d7324668ae2253ab48526ce0fc2bad/.github/workflows/ci.yml,ubuntu-latest,0,1
docker,setup-compose-action,.github/workflows/publish.yml,main,https://github.com/docker/setup-compose-action/blob/23d018c8d3d7324668ae2253ab48526ce0fc2bad/.github/workflows/publish.yml,ubuntu-latest,0,1
docker,setup-compose-action,.github/workflows/test.yml,main,https://github.com/docker/setup-compose-action/blob/23d018c8d3d7324668ae2253ab48526ce0fc2bad/.github/workflows/test.yml,ubuntu-latest,0,1
docker,setup-compose-action,.github/workflows/validate.yml,main,https://github.com/docker/setup-compose-action/blob/23d018c8d3d7324668ae2253ab48526ce0fc2bad/.github/workflows/validate.yml,ubuntu-latest,0,1
docker,setup-docker-action,.github/workflows/ci.yml,master,https://github.com/docker/setup-docker-action/blob/3fb92d6d9c634363128c8cce4bc3b2826526370a/.github/workflows/ci.yml,macos-13,0,0
docker,setup-docker-action,.github/workflows/ci.yml,master,https://github.com/docker/setup-docker-action/blob/3fb92d6d9c634363128c8cce4bc3b2826526370a/.github/workflows/ci.yml,ubuntu-24.04-arm,0,1
docker,setup-docker-action,.github/workflows/ci.yml,master,https://github.com/docker/setup-docker-action/blob/3fb92d6d9c634363128c8cce4bc3b2826526370a/.github/workflows/ci.yml,ubuntu-latest,0,1
docker,setup-docker-action,.github/workflows/ci.yml,master,https://github.com/docker/setup-docker-action/blob/3fb92d6d9c634363128c8cce4bc3b2826526370a/.github/workflows/ci.yml,windows-latest,0,1
docker,setup-docker-action,.github/workflows/publish.yml,master,https://github.com/docker/setup-docker-action/blob/3fb92d6d9c634363128c8cce4bc3b2826526370a/.github/workflows/publish.yml,ubuntu-latest,0,1
docker,setup-docker-action,.github/workflows/test.yml,master,https://github.com/docker/setup-docker-action/blob/3fb92d6d9c634363128c8cce4bc3b2826526370a/.github/workflows/test.yml,ubuntu-latest,0,1
docker,setup-docker-action,.github/workflows/validate.yml,master,https://github.com/docker/setup-docker-action/blob/3fb92d6d9c634363128c8cce4bc3b2826526370a/.github/workflows/validate.yml,ubuntu-latest,0,1
docker,setup-qemu-action,.github/workflows/ci.yml,master,https://github.com/docker/setup-qemu-action/blob/e77e8065d9f7ec6abdd9838668cd7b43924dd64d/.github/workflows/ci.yml,ubuntu-latest,0,1
docker,setup-qemu-action,.github/workflows/publish.yml,master,https://github.com/docker/setup-qemu-action/blob/e77e8065d9f7ec6abdd9838668cd7b43924dd64d/.github/workflows/publish.yml,ubuntu-latest,0,1
docker,setup-qemu-action,.github/workflows/test.yml,master,https://github.com/docker/setup-qemu-action/blob/e77e8065d9f7ec6abdd9838668cd7b43924dd64d/.github/workflows/test.yml,ubuntu-latest,0,1
docker,setup-qemu-action,.github/workflows/validate.yml,master,https://github.com/docker/setup-qemu-action/blob/e77e8065d9f7ec6abdd9838668cd7b43924dd64d/.github/workflows/validate.yml,ubuntu-latest,0,1
docker,simplepypi,.github/workflows/publish.yml,main,https://github.com/docker/simplepypi/blob/05366a1d437610cf94d396f5edf05a7e46e44c70/.github/workflows/publish.yml,ubuntu-latest,0,1
docker,terraform-provider-docker,.github/workflows/acctest.yaml,main,https://github.com/docker/terraform-provider-docker/blob/81933d915d25b35c42892ee62a2702ae614d4588/.github/workflows/acctest.yaml,ubuntu-latest,0,1
docker,terraform-provider-docker,.github/workflows/ci.yaml,main,https://github.com/docker/terraform-provider-docker/blob/81933d915d25b35c42892ee62a2702ae614d4588/.github/workflows/ci.yaml,ubuntu-latest,0,1
docker,terraform-provider-docker,.github/workflows/release.yml,main,https://github.com/docker/terraform-provider-docker/blob/81933d915d25b35c42892ee62a2702ae614d4588/.github/workflows/release.yml,ubuntu-latest,0,1
docker,tuf,.github/workflows/create-signing-events.yml,main,https://github.com/docker/tuf/blob/506e6f246a5031e68312269667935d6eb81744a5/.github/workflows/create-signing-events.yml,ubuntu-latest,0,1
docker,tuf,.github/workflows/mirror.yml,main,https://github.com/docker/tuf/blob/506e6f246a5031e68312269667935d6eb81744a5/.github/workflows/mirror.yml,ubuntu-latest,0,1
docker,tuf,.github/workflows/online-sign.yml,main,https://github.com/docker/tuf/blob/506e6f246a5031e68312269667935d6eb81744a5/.github/workflows/online-sign.yml,ubuntu-latest,0,1
docker,tuf,.github/workflows/promote-testing-policy.yml,main,https://github.com/docker/tuf/blob/506e6f246a5031e68312269667935d6eb81744a5/.github/workflows/promote-testing-policy.yml,ubuntu-latest,0,1
docker,tuf,.github/workflows/publish.yml,main,https://github.com/docker/tuf/blob/506e6f246a5031e68312269667935d6eb81744a5/.github/workflows/publish.yml,ubuntu-latest,0,1
docker,tuf,.github/workflows/signing-event.yml,main,https://github.com/docker/tuf/blob/506e6f246a5031e68312269667935d6eb81744a5/.github/workflows/signing-event.yml,ubuntu-latest,0,1
docker,tuf,.github/workflows/test.yml,main,https://github.com/docker/tuf/blob/506e6f246a5031e68312269667935d6eb81744a5/.github/workflows/test.yml,ubuntu-latest,0,1
docker,tuf,.github/workflows/update-doi-policy.yml,main,https://github.com/docker/tuf/blob/506e6f246a5031e68312269667935d6eb81744a5/.github/workflows/update-doi-policy.yml,ubuntu-latest,0,1
docker,tuf,.github/workflows/update-rekor-keys.yml,main,https://github.com/docker/tuf/blob/506e6f246a5031e68312269667935d6eb81744a5/.github/workflows/update-rekor-keys.yml,ubuntu-latest,0,1
docker,unleash-proxy,.github/workflows/codeql-analysis.yml,main,https://github.com/docker/unleash-proxy/blob/7384565a13d87e0665d835f5356b999e769194fb/.github/workflows/codeql-analysis.yml,ubuntu-latest,0,1
docker,unleash-proxy,.github/workflows/node.js.yml,main,https://github.com/docker/unleash-proxy/blob/7384565a13d87e0665d835f5356b999e769194fb/.github/workflows/node.js.yml,ubuntu-latest,0,1
docker,unleash-proxy,.github/workflows/push-docker-releases.yml,main,https://github.com/docker/unleash-proxy/blob/7384565a13d87e0665d835f5356b999e769194fb/.github/workflows/push-docker-releases.yml,ubuntu-latest,0,1
docker,unleash-proxy,.github/workflows/push-ecr-releases.yml,main,https://github.com/docker/unleash-proxy/blob/7384565a13d87e0665d835f5356b999e769194fb/.github/workflows/push-ecr-releases.yml,ubuntu-latest,0,1
docker,unleash-proxy,.github/workflows/release.yml,main,https://github.com/docker/unleash-proxy/blob/7384565a13d87e0665d835f5356b999e769194fb/.github/workflows/release.yml,ubuntu-latest,0,1
docker,unleash-proxy,.github/workflows/release_changelog.yml,main,https://github.com/docker/unleash-proxy/blob/7384565a13d87e0665d835f5356b999e769194fb/.github/workflows/release_changelog.yml,ubuntu-latest,0,1
docker,volumes-backup-extension,.github/workflows/build-scan-push.yaml,main,https://github.com/docker/volumes-backup-extension/blob/6f1c72f1f68243adfaa679e088254c07092bfb23/.github/workflows/build-scan-push.yaml,ubuntu-latest,0,1
docker,volumes-backup-extension,.github/workflows/e2e.yaml,main,https://github.com/docker/volumes-backup-extension/blob/6f1c72f1f68243adfaa679e088254c07092bfb23/.github/workflows/e2e.yaml,ubuntu-latest,0,1
docker,volumes-backup-extension,.github/workflows/hadolint.yaml,main,https://github.com/docker/volumes-backup-extension/blob/6f1c72f1f68243adfaa679e088254c07092bfb23/.github/workflows/hadolint.yaml,ubuntu-latest,0,1
docker,vscode-extension,.github/workflows/build.yml,main,https://github.com/docker/vscode-extension/blob/35c722aadc0483a1d6d683cf0a4e4170b2af32fb/.github/workflows/build.yml,ubuntu-latest,0,1
docker,vscode-extension,.github/workflows/lint.yml,main,https://github.com/docker/vscode-extension/blob/35c722aadc0483a1d6d683cf0a4e4170b2af32fb/.github/workflows/lint.yml,ubuntu-latest,0,1
docker,vscode-extension,.github/workflows/prepare-release.yml,main,https://github.com/docker/vscode-extension/blob/35c722aadc0483a1d6d683cf0a4e4170b2af32fb/.github/workflows/prepare-release.yml,ubuntu-latest,0,1
docker,vscode-extension,.github/workflows/verify.yml,main,https://github.com/docker/vscode-extension/blob/35c722aadc0483a1d6d683cf0a4e4170b2af32fb/.github/workflows/verify.yml,ubuntu-latest,0,1
docker,webgpudd,.github/workflows/build.yml,main,https://github.com/docker/webgpudd/blob/337da3eac5be6af3262975ad4e402f7e1880e781/.github/workflows/build.yml,macos-latest,0,1
docker,webgpudd,.github/workflows/build.yml,main,https://github.com/docker/webgpudd/blob/337da3eac5be6af3262975ad4e402f7e1880e781/.github/workflows/build.yml,ubuntu-latest,0,1
docker,welcome-to-docker,.github/workflows/merge-main-into-small-image.yml,main,https://github.com/docker/welcome-to-docker/blob/c8cd4b31b2f1f06bb865fe7a0d328f2d85777353/.github/workflows/merge-main-into-small-image.yml,ubuntu-latest,0,1
