repo_name,workflow_path,workflow_type,variable_name,variable_type,variable_location,visibility,archived,forked,reusable_workflow,workflow_url,repo_url
cagent-action,review-pr.yml,workflow,ANTHROPIC_API_KEY,secret,step,public,0,0,1,https://github.com/docker/cagent-action/blob/main/.github/workflows/review-pr.yml,https://github.com/docker/cagent-action
cagent-action,test-e2e-reviewer.yml,workflow,ANTHROPIC_API_KEY,secret,job,public,0,0,0,https://github.com/docker/cagent-action/blob/main/.github/workflows/test-e2e-reviewer.yml,https://github.com/docker/cagent-action
cagent-action,test-e2e-reviewer.yml,workflow,ANTHROPIC_API_KEY,secret,step,public,0,0,0,https://github.com/docker/cagent-action/blob/main/.github/workflows/test-e2e-reviewer.yml,https://github.com/docker/cagent-action
cagent-action,test-e2e.yml,workflow,ANTHROPIC_API_KEY,secret,step,public,0,0,0,https://github.com/docker/cagent-action/blob/main/.github/workflows/test-e2e.yml,https://github.com/docker/cagent-action
docker-agent-action,review-pr.yml,workflow,ANTHROPIC_API_KEY,secret,step,public,0,0,1,https://github.com/docker/docker-agent-action/blob/main/.github/workflows/review-pr.yml,https://github.com/docker/docker-agent-action
docker-agent-action,test-e2e-reviewer.yml,workflow,ANTHROPIC_API_KEY,secret,job,public,0,0,0,https://github.com/docker/docker-agent-action/blob/main/.github/workflows/test-e2e-reviewer.yml,https://github.com/docker/docker-agent-action
docker-agent-action,test-e2e-reviewer.yml,workflow,ANTHROPIC_API_KEY,secret,step,public,0,0,0,https://github.com/docker/docker-agent-action/blob/main/.github/workflows/test-e2e-reviewer.yml,https://github.com/docker/docker-agent-action
docker-agent-action,test-e2e.yml,workflow,ANTHROPIC_API_KEY,secret,step,public,0,0,0,https://github.com/docker/docker-agent-action/blob/main/.github/workflows/test-e2e.yml,https://github.com/docker/docker-agent-action
docs,nightly-docs-scan.yml,workflow,ANTHROPIC_API_KEY,secret,step,public,0,0,0,https://github.com/docker/docs/blob/main/.github/workflows/nightly-docs-scan.yml,https://github.com/docker/docs
mcp-community-registry,claude.yml,workflow,ANTHROPIC_API_KEY,secret,step,public,0,1,0,https://github.com/docker/mcp-community-registry/blob/main/.github/workflows/claude.yml,https://github.com/docker/mcp-community-registry
model-cards,generate-model-card.yml,workflow,ANTHROPIC_API_KEY,secret,step,public,1,0,0,https://github.com/docker/model-cards/blob/main/.github/workflows/generate-model-card.yml,https://github.com/docker/model-cards
model-runner,release.yml,workflow,ANTHROPIC_API_KEY,secret,step,public,0,0,0,https://github.com/docker/model-runner/blob/main/.github/workflows/release.yml,https://github.com/docker/model-runner
cagent-action,review-pr.yml,workflow,ANTHROPIC_API_KEY,secret,step,public,0,0,1,https://github.com/docker/cagent-action/blob/3f5dc9969f307d3c76acb7e9ccaefdd96bd62f4b/.github/workflows/review-pr.yml,https://github.com/docker/cagent-action
cagent-action,review-pr.yml,workflow,ANTHROPIC_API_KEY,secret,step,public,0,0,1,https://github.com/docker/cagent-action/blob/2369328cd25777eb0a4ff959a399b6d1a5204fc7/.github/workflows/review-pr.yml,https://github.com/docker/cagent-action
cagent-action,review-pr.yml,workflow,ANTHROPIC_API_KEY,secret,step,public,0,0,1,https://github.com/docker/cagent-action/blob/0498757af1c50b084f763d626f571918cf317509/.github/workflows/review-pr.yml,https://github.com/docker/cagent-action
cagent-action,review-pr.yml,workflow,ANTHROPIC_API_KEY,secret,step,public,0,0,1,https://github.com/docker/cagent-action/blob/f208610469d69f20983cad64c577949a132caa33/.github/workflows/review-pr.yml,https://github.com/docker/cagent-action
cagent-action,review-pr.yml,workflow,ANTHROPIC_API_KEY,secret,step,public,0,0,1,https://github.com/docker/cagent-action/blob/d98096f432f2aea5091c811852c4da804e60623a/.github/workflows/review-pr.yml,https://github.com/docker/cagent-action
login-action,ci.yml,workflow,AWS_ACCESS_KEY_ID,secret,step,public,0,0,0,https://github.com/docker/login-action/blob/master/.github/workflows/ci.yml,https://github.com/docker/login-action
cagent-action,review-pr.yml,workflow,AWS_BEARER_TOKEN_BEDROCK,secret,step,public,0,0,1,https://github.com/docker/cagent-action/blob/main/.github/workflows/review-pr.yml,https://github.com/docker/cagent-action
cagent-action,test-e2e-reviewer.yml,workflow,AWS_BEARER_TOKEN_BEDROCK,secret,job,public,0,0,0,https://github.com/docker/cagent-action/blob/main/.github/workflows/test-e2e-reviewer.yml,https://github.com/docker/cagent-action
docker-agent-action,review-pr.yml,workflow,AWS_BEARER_TOKEN_BEDROCK,secret,step,public,0,0,1,https://github.com/docker/docker-agent-action/blob/main/.github/workflows/review-pr.yml,https://github.com/docker/docker-agent-action
docker-agent-action,test-e2e-reviewer.yml,workflow,AWS_BEARER_TOKEN_BEDROCK,secret,job,public,0,0,0,https://github.com/docker/docker-agent-action/blob/main/.github/workflows/test-e2e-reviewer.yml,https://github.com/docker/docker-agent-action
cagent-action,review-pr.yml,workflow,AWS_BEARER_TOKEN_BEDROCK,secret,step,public,0,0,1,https://github.com/docker/cagent-action/blob/3f5dc9969f307d3c76acb7e9ccaefdd96bd62f4b/.github/workflows/review-pr.yml,https://github.com/docker/cagent-action
cagent-action,review-pr.yml,workflow,AWS_BEARER_TOKEN_BEDROCK,secret,step,public,0,0,1,https://github.com/docker/cagent-action/blob/2369328cd25777eb0a4ff959a399b6d1a5204fc7/.github/workflows/review-pr.yml,https://github.com/docker/cagent-action
cagent-action,review-pr.yml,workflow,AWS_BEARER_TOKEN_BEDROCK,secret,step,public,0,0,1,https://github.com/docker/cagent-action/blob/0498757af1c50b084f763d626f571918cf317509/.github/workflows/review-pr.yml,https://github.com/docker/cagent-action
cagent-action,review-pr.yml,workflow,AWS_BEARER_TOKEN_BEDROCK,secret,step,public,0,0,1,https://github.com/docker/cagent-action/blob/f208610469d69f20983cad64c577949a132caa33/.github/workflows/review-pr.yml,https://github.com/docker/cagent-action
cagent-action,review-pr.yml,workflow,AWS_BEARER_TOKEN_BEDROCK,secret,step,public,0,0,1,https://github.com/docker/cagent-action/blob/d98096f432f2aea5091c811852c4da804e60623a/.github/workflows/review-pr.yml,https://github.com/docker/cagent-action
login-action,ci.yml,workflow,AWS_SECRET_ACCESS_KEY,secret,step,public,0,0,0,https://github.com/docker/login-action/blob/master/.github/workflows/ci.yml,https://github.com/docker/login-action
compose-language-service,info-needed-closer.yml,workflow,AZCODE_BOT_PAT,secret,step,public,0,1,0,https://github.com/docker/compose-language-service/blob/main/.github/workflows/info-needed-closer.yml,https://github.com/docker/compose-language-service
compose-language-service,locker.yml,workflow,AZCODE_BOT_PAT,secret,step,public,0,1,0,https://github.com/docker/compose-language-service/blob/main/.github/workflows/locker.yml,https://github.com/docker/compose-language-service
login-action,ci.yml,workflow,AZURE_CLIENT_ID,secret,step,public,0,0,0,https://github.com/docker/login-action/blob/master/.github/workflows/ci.yml,https://github.com/docker/login-action
login-action,ci.yml,workflow,AZURE_CLIENT_SECRET,secret,step,public,0,0,0,https://github.com/docker/login-action/blob/master/.github/workflows/ci.yml,https://github.com/docker/login-action
docker-language-server,build.yml,workflow,BUGSNAG_API_KEY,secret,step,public,0,0,0,https://github.com/docker/docker-language-server/blob/main/.github/workflows/build.yml,https://github.com/docker/docker-language-server
vscode-extension,build.yml,workflow,BUGSNAG_API_KEY,secret,step,public,0,0,0,https://github.com/docker/vscode-extension/blob/main/.github/workflows/build.yml,https://github.com/docker/vscode-extension
model-runner,release.yml,workflow,CLI_RELEASE_PAT,secret,step,public,0,0,0,https://github.com/docker/model-runner/blob/main/.github/workflows/release.yml,https://github.com/docker/model-runner
actions-toolkit,test.yml,workflow,CODECOV_TOKEN,secret,step,public,0,0,0,https://github.com/docker/actions-toolkit/blob/main/.github/workflows/test.yml,https://github.com/docker/actions-toolkit
build-push-action,test.yml,workflow,CODECOV_TOKEN,secret,step,public,0,0,0,https://github.com/docker/build-push-action/blob/master/.github/workflows/test.yml,https://github.com/docker/build-push-action
bake-action,test.yml,workflow,CODECOV_TOKEN,secret,step,public,0,0,0,https://github.com/docker/bake-action/blob/master/.github/workflows/test.yml,https://github.com/docker/bake-action
buildx,build.yml,workflow,CODECOV_TOKEN,secret,step,public,0,0,0,https://github.com/docker/buildx/blob/master/.github/workflows/build.yml,https://github.com/docker/buildx
cli,e2e.yml,workflow,CODECOV_TOKEN,secret,step,public,0,0,0,https://github.com/docker/cli/blob/master/.github/workflows/e2e.yml,https://github.com/docker/cli
cli,test.yml,workflow,CODECOV_TOKEN,secret,step,public,0,0,0,https://github.com/docker/cli/blob/master/.github/workflows/test.yml,https://github.com/docker/cli
cli-docs-tool,test.yml,workflow,CODECOV_TOKEN,secret,step,public,0,0,0,https://github.com/docker/cli-docs-tool/blob/main/.github/workflows/test.yml,https://github.com/docker/cli-docs-tool
docker-credential-helpers,build.yml,workflow,CODECOV_TOKEN,secret,step,public,0,0,0,https://github.com/docker/docker-credential-helpers/blob/main/.github/workflows/build.yml,https://github.com/docker/docker-credential-helpers
login-action,test.yml,workflow,CODECOV_TOKEN,secret,step,public,0,0,0,https://github.com/docker/login-action/blob/master/.github/workflows/test.yml,https://github.com/docker/login-action
metadata-action,test.yml,workflow,CODECOV_TOKEN,secret,step,public,0,0,0,https://github.com/docker/metadata-action/blob/master/.github/workflows/test.yml,https://github.com/docker/metadata-action
setup-docker-action,test.yml,workflow,CODECOV_TOKEN,secret,step,public,0,0,0,https://github.com/docker/setup-docker-action/blob/master/.github/workflows/test.yml,https://github.com/docker/setup-docker-action
setup-buildx-action,test.yml,workflow,CODECOV_TOKEN,secret,step,public,0,0,0,https://github.com/docker/setup-buildx-action/blob/master/.github/workflows/test.yml,https://github.com/docker/setup-buildx-action
setup-compose-action,test.yml,workflow,CODECOV_TOKEN,secret,step,public,0,0,0,https://github.com/docker/setup-compose-action/blob/main/.github/workflows/test.yml,https://github.com/docker/setup-compose-action
setup-qemu-action,test.yml,workflow,CODECOV_TOKEN,secret,step,public,0,0,0,https://github.com/docker/setup-qemu-action/blob/master/.github/workflows/test.yml,https://github.com/docker/setup-qemu-action
dagster-poc,branch_deployments.yml,workflow,DAGSTER_CLOUD_API_TOKEN,secret,step,public,0,1,0,https://github.com/docker/dagster-poc/blob/main/.github/workflows/branch_deployments.yml,https://github.com/docker/dagster-poc
dagster-poc,branch_deployments.yml,workflow,DAGSTER_CLOUD_API_TOKEN,secret,workflow,public,0,1,0,https://github.com/docker/dagster-poc/blob/main/.github/workflows/branch_deployments.yml,https://github.com/docker/dagster-poc
dagster-poc,deploy.yml,workflow,DAGSTER_CLOUD_API_TOKEN,secret,step,public,0,1,0,https://github.com/docker/dagster-poc/blob/main/.github/workflows/deploy.yml,https://github.com/docker/dagster-poc
dagster-poc,deploy.yml,workflow,DAGSTER_CLOUD_API_TOKEN,secret,workflow,public,0,1,0,https://github.com/docker/dagster-poc/blob/main/.github/workflows/deploy.yml,https://github.com/docker/dagster-poc
dagster-poc,branch_deployments.yml,workflow,DAGSTER_CLOUD_URL,secret,workflow,public,0,1,0,https://github.com/docker/dagster-poc/blob/main/.github/workflows/branch_deployments.yml,https://github.com/docker/dagster-poc
dagster-poc,deploy.yml,workflow,DAGSTER_CLOUD_URL,secret,workflow,public,0,1,0,https://github.com/docker/dagster-poc/blob/main/.github/workflows/deploy.yml,https://github.com/docker/dagster-poc
inference-engine-vllm,build.yml,workflow,DOCKERBUILDBOT_USERNAME,variable,step,public,1,0,0,https://github.com/docker/inference-engine-vllm/blob/main/.github/workflows/build.yml,https://github.com/docker/inference-engine-vllm
babashka-pod-docker,docker.yml,workflow,DOCKERBUILDBOT_WRITE_PAT,secret,step,public,0,0,0,https://github.com/docker/babashka-pod-docker/blob/main/.github/workflows/docker.yml,https://github.com/docker/babashka-pod-docker
hub-mcp,release.yml,workflow,DOCKERBUILDBOT_WRITE_PAT,secret,step,public,0,0,0,https://github.com/docker/hub-mcp/blob/main/.github/workflows/release.yml,https://github.com/docker/hub-mcp
inference-engine-vllm,build.yml,workflow,DOCKERBUILDBOT_WRITE_PAT,secret,step,public,1,0,0,https://github.com/docker/inference-engine-vllm/blob/main/.github/workflows/build.yml,https://github.com/docker/inference-engine-vllm
compose,merge.yml,workflow,DOCKERDESKTOP_APP_ID,variable,step,public,0,0,0,https://github.com/docker/compose/blob/main/.github/workflows/merge.yml,https://github.com/docker/compose
compose,merge.yml,workflow,DOCKERDESKTOP_APP_PRIVATEKEY,secret,step,public,0,0,0,https://github.com/docker/compose/blob/main/.github/workflows/merge.yml,https://github.com/docker/compose
compose,merge.yml,workflow,DOCKERDESKTOP_REPO,secret,step,public,0,0,0,https://github.com/docker/compose/blob/main/.github/workflows/merge.yml,https://github.com/docker/compose
cli,build.yml,workflow,DOCKERHUB_CLIBIN_TOKEN,secret,step,public,0,0,0,https://github.com/docker/cli/blob/master/.github/workflows/build.yml,https://github.com/docker/cli
cli,build.yml,workflow,DOCKERHUB_CLIBIN_USERNAME,secret,step,public,0,0,0,https://github.com/docker/cli/blob/master/.github/workflows/build.yml,https://github.com/docker/cli
sbx-kits-contrib,tck.yml,workflow,DOCKERHUB_TOKEN,secret,step,public,0,0,0,https://github.com/docker/sbx-kits-contrib/blob/main/.github/workflows/tck.yml,https://github.com/docker/sbx-kits-contrib
unleash-proxy,push-docker-releases.yml,workflow,DOCKERHUB_TOKEN,secret,step,public,0,1,0,https://github.com/docker/unleash-proxy/blob/main/.github/workflows/push-docker-releases.yml,https://github.com/docker/unleash-proxy
sbx-kits-contrib,tck.yml,workflow,DOCKERHUB_USERNAME,secret,step,public,0,0,0,https://github.com/docker/sbx-kits-contrib/blob/main/.github/workflows/tck.yml,https://github.com/docker/sbx-kits-contrib
unleash-proxy,push-docker-releases.yml,workflow,DOCKERHUB_USERNAME,secret,step,public,0,1,0,https://github.com/docker/unleash-proxy/blob/main/.github/workflows/push-docker-releases.yml,https://github.com/docker/unleash-proxy
buildkit-syft-scanner,ci.yaml,workflow,DOCKERPUBLICBOT_DELETE_PAT,secret,step,public,0,0,0,https://github.com/docker/buildkit-syft-scanner/blob/master/.github/workflows/ci.yaml,https://github.com/docker/buildkit-syft-scanner
login-action,ci.yml,workflow,DOCKERPUBLICBOT_READ_PAT,secret,step,public,0,0,0,https://github.com/docker/login-action/blob/master/.github/workflows/ci.yml,https://github.com/docker/login-action
aws-kms-sign-csr,release.yml,workflow,DOCKERPUBLICBOT_USERNAME,variable,step,public,0,1,0,https://github.com/docker/aws-kms-sign-csr/blob/master/.github/workflows/release.yml,https://github.com/docker/aws-kms-sign-csr
buildkit-syft-scanner,buildkit-image.yml,workflow,DOCKERPUBLICBOT_USERNAME,variable,step,public,0,0,0,https://github.com/docker/buildkit-syft-scanner/blob/master/.github/workflows/buildkit-image.yml,https://github.com/docker/buildkit-syft-scanner
buildkit-syft-scanner,ci.yaml,workflow,DOCKERPUBLICBOT_USERNAME,variable,job,public,0,0,0,https://github.com/docker/buildkit-syft-scanner/blob/master/.github/workflows/ci.yaml,https://github.com/docker/buildkit-syft-scanner
buildkit-syft-scanner,ci.yaml,workflow,DOCKERPUBLICBOT_USERNAME,variable,step,public,0,0,0,https://github.com/docker/buildkit-syft-scanner/blob/master/.github/workflows/ci.yaml,https://github.com/docker/buildkit-syft-scanner
buildx,build.yml,workflow,DOCKERPUBLICBOT_USERNAME,variable,job,public,0,0,0,https://github.com/docker/buildx/blob/master/.github/workflows/build.yml,https://github.com/docker/buildx
buildx,build.yml,workflow,DOCKERPUBLICBOT_USERNAME,variable,step,public,0,0,0,https://github.com/docker/buildx/blob/master/.github/workflows/build.yml,https://github.com/docker/buildx
compose-bridge-transformer,transformer-images.yaml,workflow,DOCKERPUBLICBOT_USERNAME,variable,step,public,0,0,0,https://github.com/docker/compose-bridge-transformer/blob/main/.github/workflows/transformer-images.yaml,https://github.com/docker/compose-bridge-transformer
compose,merge.yml,workflow,DOCKERPUBLICBOT_USERNAME,secret,job,public,0,0,0,https://github.com/docker/compose/blob/main/.github/workflows/merge.yml,https://github.com/docker/compose
desktop-cloud-provider,publish.yaml,workflow,DOCKERPUBLICBOT_USERNAME,variable,step,public,0,1,0,https://github.com/docker/desktop-cloud-provider/blob/main/.github/workflows/publish.yaml,https://github.com/docker/desktop-cloud-provider
docker-agent,ci.yml,workflow,DOCKERPUBLICBOT_USERNAME,variable,step,public,0,0,0,https://github.com/docker/docker-agent/blob/main/.github/workflows/ci.yml,https://github.com/docker/docker-agent
github-builder,.test-bake.yml,workflow,DOCKERPUBLICBOT_USERNAME,variable,job,public,0,0,0,https://github.com/docker/github-builder/blob/main/.github/workflows/.test-bake.yml,https://github.com/docker/github-builder
github-builder,.test-build.yml,workflow,DOCKERPUBLICBOT_USERNAME,variable,job,public,0,0,0,https://github.com/docker/github-builder/blob/main/.github/workflows/.test-build.yml,https://github.com/docker/github-builder
login-action,ci.yml,workflow,DOCKERPUBLICBOT_USERNAME,variable,step,public,0,0,0,https://github.com/docker/login-action/blob/master/.github/workflows/ci.yml,https://github.com/docker/login-action
mcp-gateway,main.yml,workflow,DOCKERPUBLICBOT_USERNAME,variable,step,public,0,0,0,https://github.com/docker/mcp-gateway/blob/main/.github/workflows/main.yml,https://github.com/docker/mcp-gateway
packaging,nightly.yml,workflow,DOCKERPUBLICBOT_USERNAME,variable,job,public,0,0,0,https://github.com/docker/packaging/blob/main/.github/workflows/nightly.yml,https://github.com/docker/packaging
packaging,release-agent.yml,workflow,DOCKERPUBLICBOT_USERNAME,variable,job,public,0,0,0,https://github.com/docker/packaging/blob/main/.github/workflows/release-agent.yml,https://github.com/docker/packaging
packaging,release-buildx.yml,workflow,DOCKERPUBLICBOT_USERNAME,variable,job,public,0,0,0,https://github.com/docker/packaging/blob/main/.github/workflows/release-buildx.yml,https://github.com/docker/packaging
packaging,release-compose.yml,workflow,DOCKERPUBLICBOT_USERNAME,variable,job,public,0,0,0,https://github.com/docker/packaging/blob/main/.github/workflows/release-compose.yml,https://github.com/docker/packaging
packaging,release-containerd.yml,workflow,DOCKERPUBLICBOT_USERNAME,variable,job,public,0,0,0,https://github.com/docker/packaging/blob/main/.github/workflows/release-containerd.yml,https://github.com/docker/packaging
packaging,release-credential-helpers.yml,workflow,DOCKERPUBLICBOT_USERNAME,variable,job,public,0,0,0,https://github.com/docker/packaging/blob/main/.github/workflows/release-credential-helpers.yml,https://github.com/docker/packaging
packaging,release-docker.yml,workflow,DOCKERPUBLICBOT_USERNAME,variable,job,public,0,0,0,https://github.com/docker/packaging/blob/main/.github/workflows/release-docker.yml,https://github.com/docker/packaging
packaging,release-model.yml,workflow,DOCKERPUBLICBOT_USERNAME,variable,job,public,0,0,0,https://github.com/docker/packaging/blob/main/.github/workflows/release-model.yml,https://github.com/docker/packaging
webgpudd,build.yml,workflow,DOCKERPUBLICBOT_USERNAME,variable,step,public,0,0,0,https://github.com/docker/webgpudd/blob/main/.github/workflows/build.yml,https://github.com/docker/webgpudd
aws-kms-sign-csr,release.yml,workflow,DOCKERPUBLICBOT_WRITE_PAT,secret,step,public,0,1,0,https://github.com/docker/aws-kms-sign-csr/blob/master/.github/workflows/release.yml,https://github.com/docker/aws-kms-sign-csr
buildkit-syft-scanner,buildkit-image.yml,workflow,DOCKERPUBLICBOT_WRITE_PAT,secret,step,public,0,0,0,https://github.com/docker/buildkit-syft-scanner/blob/master/.github/workflows/buildkit-image.yml,https://github.com/docker/buildkit-syft-scanner
buildkit-syft-scanner,ci.yaml,workflow,DOCKERPUBLICBOT_WRITE_PAT,secret,job,public,0,0,0,https://github.com/docker/buildkit-syft-scanner/blob/master/.github/workflows/ci.yaml,https://github.com/docker/buildkit-syft-scanner
buildx,build.yml,workflow,DOCKERPUBLICBOT_WRITE_PAT,secret,job,public,0,0,0,https://github.com/docker/buildx/blob/master/.github/workflows/build.yml,https://github.com/docker/buildx
buildx,build.yml,workflow,DOCKERPUBLICBOT_WRITE_PAT,secret,step,public,0,0,0,https://github.com/docker/buildx/blob/master/.github/workflows/build.yml,https://github.com/docker/buildx
compose-bridge-transformer,transformer-images.yaml,workflow,DOCKERPUBLICBOT_WRITE_PAT,secret,step,public,0,0,0,https://github.com/docker/compose-bridge-transformer/blob/main/.github/workflows/transformer-images.yaml,https://github.com/docker/compose-bridge-transformer
compose,merge.yml,workflow,DOCKERPUBLICBOT_WRITE_PAT,secret,job,public,0,0,0,https://github.com/docker/compose/blob/main/.github/workflows/merge.yml,https://github.com/docker/compose
desktop-cloud-provider,publish.yaml,workflow,DOCKERPUBLICBOT_WRITE_PAT,secret,step,public,0,1,0,https://github.com/docker/desktop-cloud-provider/blob/main/.github/workflows/publish.yaml,https://github.com/docker/desktop-cloud-provider
docker-agent,ci.yml,workflow,DOCKERPUBLICBOT_WRITE_PAT,secret,step,public,0,0,0,https://github.com/docker/docker-agent/blob/main/.github/workflows/ci.yml,https://github.com/docker/docker-agent
github-builder,.test-bake.yml,workflow,DOCKERPUBLICBOT_WRITE_PAT,secret,job,public,0,0,0,https://github.com/docker/github-builder/blob/main/.github/workflows/.test-bake.yml,https://github.com/docker/github-builder
github-builder,.test-build.yml,workflow,DOCKERPUBLICBOT_WRITE_PAT,secret,job,public,0,0,0,https://github.com/docker/github-builder/blob/main/.github/workflows/.test-build.yml,https://github.com/docker/github-builder
labs-ai-tools-for-devs,extension.yml,workflow,DOCKERPUBLICBOT_WRITE_PAT,secret,step,public,0,0,0,https://github.com/docker/labs-ai-tools-for-devs/blob/main/.github/workflows/extension.yml,https://github.com/docker/labs-ai-tools-for-devs
mcp-gateway,main.yml,workflow,DOCKERPUBLICBOT_WRITE_PAT,secret,step,public,0,0,0,https://github.com/docker/mcp-gateway/blob/main/.github/workflows/main.yml,https://github.com/docker/mcp-gateway
packaging,nightly.yml,workflow,DOCKERPUBLICBOT_WRITE_PAT,secret,job,public,0,0,0,https://github.com/docker/packaging/blob/main/.github/workflows/nightly.yml,https://github.com/docker/packaging
packaging,release-agent.yml,workflow,DOCKERPUBLICBOT_WRITE_PAT,secret,job,public,0,0,0,https://github.com/docker/packaging/blob/main/.github/workflows/release-agent.yml,https://github.com/docker/packaging
packaging,release-buildx.yml,workflow,DOCKERPUBLICBOT_WRITE_PAT,secret,job,public,0,0,0,https://github.com/docker/packaging/blob/main/.github/workflows/release-buildx.yml,https://github.com/docker/packaging
packaging,release-compose.yml,workflow,DOCKERPUBLICBOT_WRITE_PAT,secret,job,public,0,0,0,https://github.com/docker/packaging/blob/main/.github/workflows/release-compose.yml,https://github.com/docker/packaging
packaging,release-containerd.yml,workflow,DOCKERPUBLICBOT_WRITE_PAT,secret,job,public,0,0,0,https://github.com/docker/packaging/blob/main/.github/workflows/release-containerd.yml,https://github.com/docker/packaging
packaging,release-credential-helpers.yml,workflow,DOCKERPUBLICBOT_WRITE_PAT,secret,job,public,0,0,0,https://github.com/docker/packaging/blob/main/.github/workflows/release-credential-helpers.yml,https://github.com/docker/packaging
packaging,release-docker.yml,workflow,DOCKERPUBLICBOT_WRITE_PAT,secret,job,public,0,0,0,https://github.com/docker/packaging/blob/main/.github/workflows/release-docker.yml,https://github.com/docker/packaging
packaging,release-model.yml,workflow,DOCKERPUBLICBOT_WRITE_PAT,secret,job,public,0,0,0,https://github.com/docker/packaging/blob/main/.github/workflows/release-model.yml,https://github.com/docker/packaging
secrets-engine,gomodguard.yml,workflow,DOCKERPUBLICBOT_WRITE_PAT,secret,step,public,0,0,0,https://github.com/docker/secrets-engine/blob/main/.github/workflows/gomodguard.yml,https://github.com/docker/secrets-engine
secrets-engine,govulncheck.yml,workflow,DOCKERPUBLICBOT_WRITE_PAT,secret,step,public,0,0,0,https://github.com/docker/secrets-engine/blob/main/.github/workflows/govulncheck.yml,https://github.com/docker/secrets-engine
secrets-engine,keychain.yml,workflow,DOCKERPUBLICBOT_WRITE_PAT,secret,step,public,0,0,0,https://github.com/docker/secrets-engine/blob/main/.github/workflows/keychain.yml,https://github.com/docker/secrets-engine
secrets-engine,lint.yml,workflow,DOCKERPUBLICBOT_WRITE_PAT,secret,step,public,0,0,0,https://github.com/docker/secrets-engine/blob/main/.github/workflows/lint.yml,https://github.com/docker/secrets-engine
secrets-engine,proto-check.yml,workflow,DOCKERPUBLICBOT_WRITE_PAT,secret,step,public,0,0,0,https://github.com/docker/secrets-engine/blob/main/.github/workflows/proto-check.yml,https://github.com/docker/secrets-engine
secrets-engine,proto-lint.yml,workflow,DOCKERPUBLICBOT_WRITE_PAT,secret,step,public,0,0,0,https://github.com/docker/secrets-engine/blob/main/.github/workflows/proto-lint.yml,https://github.com/docker/secrets-engine
webgpudd,build.yml,workflow,DOCKERPUBLICBOT_WRITE_PAT,secret,step,public,0,0,0,https://github.com/docker/webgpudd/blob/main/.github/workflows/build.yml,https://github.com/docker/webgpudd
extensions-submissions,validation.yaml,workflow,DOCKER_DESKTOP_BUILD_URL,variable,step,public,0,0,1,https://github.com/docker/extensions-submissions/blob/main/.github/workflows/validation.yaml,https://github.com/docker/extensions-submissions
github-builder,.update-deps.yml,workflow,DOCKER_GITHUB_BUILDER_WRITE_CLIENT_ID,variable,step,public,0,0,0,https://github.com/docker/github-builder/blob/main/.github/workflows/.update-deps.yml,https://github.com/docker/github-builder
github-builder,.update-deps.yml,workflow,DOCKER_GITHUB_BUILDER_WRITE_PRIVATE_KEY,secret,step,public,0,0,0,https://github.com/docker/github-builder/blob/main/.github/workflows/.update-deps.yml,https://github.com/docker/github-builder
docker-gs-ping,ci-cd.yml,workflow,DOCKER_HUB_ACCESS_TOKEN,secret,step,public,0,1,0,https://github.com/docker/docker-gs-ping/blob/main/.github/workflows/ci-cd.yml,https://github.com/docker/docker-gs-ping
docker-gs-ping,ci-cd.yml,workflow,DOCKER_HUB_USERNAME,secret,step,public,0,1,0,https://github.com/docker/docker-gs-ping/blob/main/.github/workflows/ci-cd.yml,https://github.com/docker/docker-gs-ping
model-cards,publish-model-card.yml,workflow,DOCKER_OAT,secret,step,public,1,0,0,https://github.com/docker/model-cards/blob/main/.github/workflows/publish-model-card.yml,https://github.com/docker/model-cards
terraform-provider-docker,acctest.yaml,workflow,DOCKER_PASSWORD,secret,step,public,0,0,0,https://github.com/docker/terraform-provider-docker/blob/main/.github/workflows/acctest.yaml,https://github.com/docker/terraform-provider-docker
scout-cli,release-branch.yml,workflow,DOCKER_PAT,secret,step,public,0,0,0,https://github.com/docker/scout-cli/blob/main/.github/workflows/release-branch.yml,https://github.com/docker/scout-cli
scout-action,test.yml,workflow,DOCKER_PAT,secret,step,public,0,0,0,https://github.com/docker/scout-action/blob/main/.github/workflows/test.yml,https://github.com/docker/scout-action
autobuilds-actions,full-autobuilds.yaml,workflow,DOCKER_TOKEN,secret,step,public,0,0,0,https://github.com/docker/autobuilds-actions/blob/main/.github/workflows/full-autobuilds.yaml,https://github.com/docker/autobuilds-actions
autobuilds-actions,simple-build.yaml,workflow,DOCKER_TOKEN,secret,step,public,0,0,0,https://github.com/docker/autobuilds-actions/blob/main/.github/workflows/simple-build.yaml,https://github.com/docker/autobuilds-actions
model-cards,publish-model-card.yml,workflow,DOCKER_USER,secret,step,public,1,0,0,https://github.com/docker/model-cards/blob/main/.github/workflows/publish-model-card.yml,https://github.com/docker/model-cards
scout-cli,release-branch.yml,workflow,DOCKER_USER,secret,step,public,0,0,0,https://github.com/docker/scout-cli/blob/main/.github/workflows/release-branch.yml,https://github.com/docker/scout-cli
scout-action,test.yml,workflow,DOCKER_USER,secret,step,public,0,0,0,https://github.com/docker/scout-action/blob/main/.github/workflows/test.yml,https://github.com/docker/scout-action
autobuilds-actions,full-autobuilds.yaml,workflow,DOCKER_USERNAME,secret,step,public,0,0,0,https://github.com/docker/autobuilds-actions/blob/main/.github/workflows/full-autobuilds.yaml,https://github.com/docker/autobuilds-actions
autobuilds-actions,simple-build.yaml,workflow,DOCKER_USERNAME,secret,step,public,0,0,0,https://github.com/docker/autobuilds-actions/blob/main/.github/workflows/simple-build.yaml,https://github.com/docker/autobuilds-actions
terraform-provider-docker,acctest.yaml,workflow,DOCKER_USERNAME,variable,step,public,0,0,0,https://github.com/docker/terraform-provider-docker/blob/main/.github/workflows/acctest.yaml,https://github.com/docker/terraform-provider-docker
hub-tool,build-pr.yml,workflow,E2E_HUB_TOKEN,secret,job,public,1,0,0,https://github.com/docker/hub-tool/blob/main/.github/workflows/build-pr.yml,https://github.com/docker/hub-tool
hub-tool,build-pr.yml,workflow,E2E_HUB_USERNAME,secret,job,public,1,0,0,https://github.com/docker/hub-tool/blob/main/.github/workflows/build-pr.yml,https://github.com/docker/hub-tool
envoy,envoy-deflake.yml,workflow,ENVOY_CI_MUTEX_APP_ID,secret,job,public,1,1,0,https://github.com/docker/envoy/blob/main/.github/workflows/envoy-deflake.yml,https://github.com/docker/envoy
envoy,envoy-deflake.yml,workflow,ENVOY_CI_MUTEX_APP_KEY,secret,job,public,1,1,0,https://github.com/docker/envoy/blob/main/.github/workflows/envoy-deflake.yml,https://github.com/docker/envoy
login-action,ci.yml,workflow,GAR_JSON_KEY,secret,step,public,0,0,0,https://github.com/docker/login-action/blob/master/.github/workflows/ci.yml,https://github.com/docker/login-action
mcp-community-registry,cancel-pulumi-lock.yml,workflow,GCP_PROD_SERVICE_ACCOUNT_KEY,secret,step,public,0,1,0,https://github.com/docker/mcp-community-registry/blob/main/.github/workflows/cancel-pulumi-lock.yml,https://github.com/docker/mcp-community-registry
mcp-community-registry,deploy-production.yml,workflow,GCP_PROD_SERVICE_ACCOUNT_KEY,secret,step,public,0,1,0,https://github.com/docker/mcp-community-registry/blob/main/.github/workflows/deploy-production.yml,https://github.com/docker/mcp-community-registry
mcp-community-registry,sync-db.yml,workflow,GCP_PROD_SERVICE_ACCOUNT_KEY,secret,step,public,0,1,0,https://github.com/docker/mcp-community-registry/blob/main/.github/workflows/sync-db.yml,https://github.com/docker/mcp-community-registry
mcp-community-registry,cancel-pulumi-lock.yml,workflow,GCP_STAGING_SERVICE_ACCOUNT_KEY,secret,step,public,0,1,0,https://github.com/docker/mcp-community-registry/blob/main/.github/workflows/cancel-pulumi-lock.yml,https://github.com/docker/mcp-community-registry
mcp-community-registry,deploy-staging.yml,workflow,GCP_STAGING_SERVICE_ACCOUNT_KEY,secret,step,public,0,1,0,https://github.com/docker/mcp-community-registry/blob/main/.github/workflows/deploy-staging.yml,https://github.com/docker/mcp-community-registry
mcp-community-registry,sync-db.yml,workflow,GCP_STAGING_SERVICE_ACCOUNT_KEY,secret,step,public,0,1,0,https://github.com/docker/mcp-community-registry/blob/main/.github/workflows/sync-db.yml,https://github.com/docker/mcp-community-registry
login-action,ci.yml,workflow,GCR_JSON_KEY,secret,step,public,0,0,0,https://github.com/docker/login-action/blob/master/.github/workflows/ci.yml,https://github.com/docker/login-action
build-push-action,update-dist.yml,workflow,GHACTIONS_REPO_WRITE_APP_ID,secret,step,public,0,0,0,https://github.com/docker/build-push-action/blob/master/.github/workflows/update-dist.yml,https://github.com/docker/build-push-action
bake-action,update-dist.yml,workflow,GHACTIONS_REPO_WRITE_APP_ID,secret,step,public,0,0,0,https://github.com/docker/bake-action/blob/master/.github/workflows/update-dist.yml,https://github.com/docker/bake-action
login-action,update-dist.yml,workflow,GHACTIONS_REPO_WRITE_APP_ID,secret,step,public,0,0,0,https://github.com/docker/login-action/blob/master/.github/workflows/update-dist.yml,https://github.com/docker/login-action
metadata-action,update-dist.yml,workflow,GHACTIONS_REPO_WRITE_APP_ID,secret,step,public,0,0,0,https://github.com/docker/metadata-action/blob/master/.github/workflows/update-dist.yml,https://github.com/docker/metadata-action
setup-docker-action,update-dist.yml,workflow,GHACTIONS_REPO_WRITE_APP_ID,secret,step,public,0,0,0,https://github.com/docker/setup-docker-action/blob/master/.github/workflows/update-dist.yml,https://github.com/docker/setup-docker-action
setup-buildx-action,update-dist.yml,workflow,GHACTIONS_REPO_WRITE_APP_ID,secret,step,public,0,0,0,https://github.com/docker/setup-buildx-action/blob/master/.github/workflows/update-dist.yml,https://github.com/docker/setup-buildx-action
setup-compose-action,update-dist.yml,workflow,GHACTIONS_REPO_WRITE_APP_ID,secret,step,public,0,0,0,https://github.com/docker/setup-compose-action/blob/main/.github/workflows/update-dist.yml,https://github.com/docker/setup-compose-action
setup-qemu-action,update-dist.yml,workflow,GHACTIONS_REPO_WRITE_APP_ID,secret,step,public,0,0,0,https://github.com/docker/setup-qemu-action/blob/master/.github/workflows/update-dist.yml,https://github.com/docker/setup-qemu-action
build-push-action,update-dist.yml,workflow,GHACTIONS_REPO_WRITE_APP_PRIVATE_KEY,secret,step,public,0,0,0,https://github.com/docker/build-push-action/blob/master/.github/workflows/update-dist.yml,https://github.com/docker/build-push-action
bake-action,update-dist.yml,workflow,GHACTIONS_REPO_WRITE_APP_PRIVATE_KEY,secret,step,public,0,0,0,https://github.com/docker/bake-action/blob/master/.github/workflows/update-dist.yml,https://github.com/docker/bake-action
login-action,update-dist.yml,workflow,GHACTIONS_REPO_WRITE_APP_PRIVATE_KEY,secret,step,public,0,0,0,https://github.com/docker/login-action/blob/master/.github/workflows/update-dist.yml,https://github.com/docker/login-action
metadata-action,update-dist.yml,workflow,GHACTIONS_REPO_WRITE_APP_PRIVATE_KEY,secret,step,public,0,0,0,https://github.com/docker/metadata-action/blob/master/.github/workflows/update-dist.yml,https://github.com/docker/metadata-action
setup-docker-action,update-dist.yml,workflow,GHACTIONS_REPO_WRITE_APP_PRIVATE_KEY,secret,step,public,0,0,0,https://github.com/docker/setup-docker-action/blob/master/.github/workflows/update-dist.yml,https://github.com/docker/setup-docker-action
setup-buildx-action,update-dist.yml,workflow,GHACTIONS_REPO_WRITE_APP_PRIVATE_KEY,secret,step,public,0,0,0,https://github.com/docker/setup-buildx-action/blob/master/.github/workflows/update-dist.yml,https://github.com/docker/setup-buildx-action
setup-compose-action,update-dist.yml,workflow,GHACTIONS_REPO_WRITE_APP_PRIVATE_KEY,secret,step,public,0,0,0,https://github.com/docker/setup-compose-action/blob/main/.github/workflows/update-dist.yml,https://github.com/docker/setup-compose-action
setup-qemu-action,update-dist.yml,workflow,GHACTIONS_REPO_WRITE_APP_PRIVATE_KEY,secret,step,public,0,0,0,https://github.com/docker/setup-qemu-action/blob/master/.github/workflows/update-dist.yml,https://github.com/docker/setup-qemu-action
actions-toolkit,update-deps.yml,workflow,GHACTIONS_REPO_WRITE_CLIENT_ID,variable,step,public,0,0,0,https://github.com/docker/actions-toolkit/blob/main/.github/workflows/update-deps.yml,https://github.com/docker/actions-toolkit
actions-toolkit,update-deps.yml,workflow,GHACTIONS_REPO_WRITE_PRIVATE_KEY,secret,step,public,0,0,0,https://github.com/docker/actions-toolkit/blob/main/.github/workflows/update-deps.yml,https://github.com/docker/actions-toolkit
buildx,docs-release.yml,workflow,GHPAT_DOCS_DISPATCH,secret,step,public,0,0,0,https://github.com/docker/buildx/blob/master/.github/workflows/docs-release.yml,https://github.com/docker/buildx
login-action,ci.yml,workflow,GITLAB_TOKEN,secret,step,public,0,0,0,https://github.com/docker/login-action/blob/master/.github/workflows/ci.yml,https://github.com/docker/login-action
login-action,ci.yml,workflow,GITLAB_USERNAME,secret,step,public,0,0,0,https://github.com/docker/login-action/blob/master/.github/workflows/ci.yml,https://github.com/docker/login-action
cagent-action,review-pr.yml,workflow,GOOGLE_API_KEY,secret,step,public,0,0,1,https://github.com/docker/cagent-action/blob/main/.github/workflows/review-pr.yml,https://github.com/docker/cagent-action
cagent-action,test-e2e-reviewer.yml,workflow,GOOGLE_API_KEY,secret,job,public,0,0,0,https://github.com/docker/cagent-action/blob/main/.github/workflows/test-e2e-reviewer.yml,https://github.com/docker/cagent-action
docker-agent-action,review-pr.yml,workflow,GOOGLE_API_KEY,secret,step,public,0,0,1,https://github.com/docker/docker-agent-action/blob/main/.github/workflows/review-pr.yml,https://github.com/docker/docker-agent-action
docker-agent-action,test-e2e-reviewer.yml,workflow,GOOGLE_API_KEY,secret,job,public,0,0,0,https://github.com/docker/docker-agent-action/blob/main/.github/workflows/test-e2e-reviewer.yml,https://github.com/docker/docker-agent-action
cagent-action,review-pr.yml,workflow,GOOGLE_API_KEY,secret,step,public,0,0,1,https://github.com/docker/cagent-action/blob/3f5dc9969f307d3c76acb7e9ccaefdd96bd62f4b/.github/workflows/review-pr.yml,https://github.com/docker/cagent-action
cagent-action,review-pr.yml,workflow,GOOGLE_API_KEY,secret,step,public,0,0,1,https://github.com/docker/cagent-action/blob/2369328cd25777eb0a4ff959a399b6d1a5204fc7/.github/workflows/review-pr.yml,https://github.com/docker/cagent-action
cagent-action,review-pr.yml,workflow,GOOGLE_API_KEY,secret,step,public,0,0,1,https://github.com/docker/cagent-action/blob/0498757af1c50b084f763d626f571918cf317509/.github/workflows/review-pr.yml,https://github.com/docker/cagent-action
cagent-action,review-pr.yml,workflow,GOOGLE_API_KEY,secret,step,public,0,0,1,https://github.com/docker/cagent-action/blob/f208610469d69f20983cad64c577949a132caa33/.github/workflows/review-pr.yml,https://github.com/docker/cagent-action
cagent-action,review-pr.yml,workflow,GOOGLE_API_KEY,secret,step,public,0,0,1,https://github.com/docker/cagent-action/blob/d98096f432f2aea5091c811852c4da804e60623a/.github/workflows/review-pr.yml,https://github.com/docker/cagent-action
terraform-provider-docker,release.yml,workflow,GPG_PRIVATE_KEY,secret,step,public,0,0,0,https://github.com/docker/terraform-provider-docker/blob/main/.github/workflows/release.yml,https://github.com/docker/terraform-provider-docker
cagent-action,release.yml,workflow,HUB_OAT,secret,step,public,0,0,0,https://github.com/docker/cagent-action/blob/main/.github/workflows/release.yml,https://github.com/docker/cagent-action
docker-agent-action,release.yml,workflow,HUB_OAT,secret,step,public,0,0,0,https://github.com/docker/docker-agent-action/blob/main/.github/workflows/release.yml,https://github.com/docker/docker-agent-action
cagent-action,release.yml,workflow,HUB_ORG,secret,step,public,0,0,0,https://github.com/docker/cagent-action/blob/main/.github/workflows/release.yml,https://github.com/docker/cagent-action
docker-agent-action,release.yml,workflow,HUB_ORG,secret,step,public,0,0,0,https://github.com/docker/docker-agent-action/blob/main/.github/workflows/release.yml,https://github.com/docker/docker-agent-action
hub-mcp,release.yml,workflow,HUB_PLATFORM_APP_ID,secret,step,public,0,0,0,https://github.com/docker/hub-mcp/blob/main/.github/workflows/release.yml,https://github.com/docker/hub-mcp
hub-mcp,release.yml,workflow,HUB_PLATFORM_APP_PRIVATE_KEY,secret,step,public,0,0,0,https://github.com/docker/hub-mcp/blob/main/.github/workflows/release.yml,https://github.com/docker/hub-mcp
labs-ai-tools-for-devs,prompts-docker.yml,workflow,JIM_PAT,secret,step,public,0,0,0,https://github.com/docker/labs-ai-tools-for-devs/blob/main/.github/workflows/prompts-docker.yml,https://github.com/docker/labs-ai-tools-for-devs
labs-ai-tools-for-devs,prompts-docker.yml,workflow,JIM_USERNAME,secret,step,public,0,0,0,https://github.com/docker/labs-ai-tools-for-devs/blob/main/.github/workflows/prompts-docker.yml,https://github.com/docker/labs-ai-tools-for-devs
mcp-registry,auto-merge-pins.yaml,workflow,MCP_REGISTRY_BOT_APP_ID,variable,step,public,0,0,0,https://github.com/docker/mcp-registry/blob/main/.github/workflows/auto-merge-pins.yaml,https://github.com/docker/mcp-registry
mcp-registry,security-review-changes.yaml,workflow,MCP_REGISTRY_BOT_APP_ID,variable,step,public,0,0,0,https://github.com/docker/mcp-registry/blob/main/.github/workflows/security-review-changes.yaml,https://github.com/docker/mcp-registry
mcp-registry,security-review-manual.yaml,workflow,MCP_REGISTRY_BOT_APP_ID,variable,step,public,0,0,0,https://github.com/docker/mcp-registry/blob/main/.github/workflows/security-review-manual.yaml,https://github.com/docker/mcp-registry
mcp-registry,security-review-trigger.yaml,workflow,MCP_REGISTRY_BOT_APP_ID,variable,step,public,0,0,0,https://github.com/docker/mcp-registry/blob/main/.github/workflows/security-review-trigger.yaml,https://github.com/docker/mcp-registry
mcp-registry,update-pins.yaml,workflow,MCP_REGISTRY_BOT_APP_ID,variable,step,public,0,0,0,https://github.com/docker/mcp-registry/blob/main/.github/workflows/update-pins.yaml,https://github.com/docker/mcp-registry
mcp-registry,auto-merge-pins.yaml,workflow,MCP_REGISTRY_BOT_PRIVATE_KEY,secret,step,public,0,0,0,https://github.com/docker/mcp-registry/blob/main/.github/workflows/auto-merge-pins.yaml,https://github.com/docker/mcp-registry
mcp-registry,security-review-changes.yaml,workflow,MCP_REGISTRY_BOT_PRIVATE_KEY,secret,step,public,0,0,0,https://github.com/docker/mcp-registry/blob/main/.github/workflows/security-review-changes.yaml,https://github.com/docker/mcp-registry
mcp-registry,security-review-manual.yaml,workflow,MCP_REGISTRY_BOT_PRIVATE_KEY,secret,step,public,0,0,0,https://github.com/docker/mcp-registry/blob/main/.github/workflows/security-review-manual.yaml,https://github.com/docker/mcp-registry
mcp-registry,security-review-trigger.yaml,workflow,MCP_REGISTRY_BOT_PRIVATE_KEY,secret,step,public,0,0,0,https://github.com/docker/mcp-registry/blob/main/.github/workflows/security-review-trigger.yaml,https://github.com/docker/mcp-registry
mcp-registry,update-pins.yaml,workflow,MCP_REGISTRY_BOT_PRIVATE_KEY,secret,step,public,0,0,0,https://github.com/docker/mcp-registry/blob/main/.github/workflows/update-pins.yaml,https://github.com/docker/mcp-registry
cagent-action,review-pr.yml,workflow,MISTRAL_API_KEY,secret,step,public,0,0,1,https://github.com/docker/cagent-action/blob/main/.github/workflows/review-pr.yml,https://github.com/docker/cagent-action
cagent-action,test-e2e-reviewer.yml,workflow,MISTRAL_API_KEY,secret,job,public,0,0,0,https://github.com/docker/cagent-action/blob/main/.github/workflows/test-e2e-reviewer.yml,https://github.com/docker/cagent-action
docker-agent-action,review-pr.yml,workflow,MISTRAL_API_KEY,secret,step,public,0,0,1,https://github.com/docker/docker-agent-action/blob/main/.github/workflows/review-pr.yml,https://github.com/docker/docker-agent-action
docker-agent-action,test-e2e-reviewer.yml,workflow,MISTRAL_API_KEY,secret,job,public,0,0,0,https://github.com/docker/docker-agent-action/blob/main/.github/workflows/test-e2e-reviewer.yml,https://github.com/docker/docker-agent-action
cagent-action,review-pr.yml,workflow,MISTRAL_API_KEY,secret,step,public,0,0,1,https://github.com/docker/cagent-action/blob/3f5dc9969f307d3c76acb7e9ccaefdd96bd62f4b/.github/workflows/review-pr.yml,https://github.com/docker/cagent-action
cagent-action,review-pr.yml,workflow,MISTRAL_API_KEY,secret,step,public,0,0,1,https://github.com/docker/cagent-action/blob/2369328cd25777eb0a4ff959a399b6d1a5204fc7/.github/workflows/review-pr.yml,https://github.com/docker/cagent-action
cagent-action,review-pr.yml,workflow,MISTRAL_API_KEY,secret,step,public,0,0,1,https://github.com/docker/cagent-action/blob/0498757af1c50b084f763d626f571918cf317509/.github/workflows/review-pr.yml,https://github.com/docker/cagent-action
cagent-action,review-pr.yml,workflow,MISTRAL_API_KEY,secret,step,public,0,0,1,https://github.com/docker/cagent-action/blob/f208610469d69f20983cad64c577949a132caa33/.github/workflows/review-pr.yml,https://github.com/docker/cagent-action
cagent-action,review-pr.yml,workflow,MISTRAL_API_KEY,secret,step,public,0,0,1,https://github.com/docker/cagent-action/blob/d98096f432f2aea5091c811852c4da804e60623a/.github/workflows/review-pr.yml,https://github.com/docker/cagent-action
cagent-action,review-pr.yml,workflow,NEBIUS_API_KEY,secret,step,public,0,0,1,https://github.com/docker/cagent-action/blob/main/.github/workflows/review-pr.yml,https://github.com/docker/cagent-action
cagent-action,test-e2e-reviewer.yml,workflow,NEBIUS_API_KEY,secret,job,public,0,0,0,https://github.com/docker/cagent-action/blob/main/.github/workflows/test-e2e-reviewer.yml,https://github.com/docker/cagent-action
docker-agent-action,review-pr.yml,workflow,NEBIUS_API_KEY,secret,step,public,0,0,1,https://github.com/docker/docker-agent-action/blob/main/.github/workflows/review-pr.yml,https://github.com/docker/docker-agent-action
docker-agent-action,test-e2e-reviewer.yml,workflow,NEBIUS_API_KEY,secret,job,public,0,0,0,https://github.com/docker/docker-agent-action/blob/main/.github/workflows/test-e2e-reviewer.yml,https://github.com/docker/docker-agent-action
cagent-action,review-pr.yml,workflow,NEBIUS_API_KEY,secret,step,public,0,0,1,https://github.com/docker/cagent-action/blob/3f5dc9969f307d3c76acb7e9ccaefdd96bd62f4b/.github/workflows/review-pr.yml,https://github.com/docker/cagent-action
cagent-action,review-pr.yml,workflow,NEBIUS_API_KEY,secret,step,public,0,0,1,https://github.com/docker/cagent-action/blob/2369328cd25777eb0a4ff959a399b6d1a5204fc7/.github/workflows/review-pr.yml,https://github.com/docker/cagent-action
cagent-action,review-pr.yml,workflow,NEBIUS_API_KEY,secret,step,public,0,0,1,https://github.com/docker/cagent-action/blob/0498757af1c50b084f763d626f571918cf317509/.github/workflows/review-pr.yml,https://github.com/docker/cagent-action
cagent-action,review-pr.yml,workflow,NEBIUS_API_KEY,secret,step,public,0,0,1,https://github.com/docker/cagent-action/blob/f208610469d69f20983cad64c577949a132caa33/.github/workflows/review-pr.yml,https://github.com/docker/cagent-action
cagent-action,review-pr.yml,workflow,NEBIUS_API_KEY,secret,step,public,0,0,1,https://github.com/docker/cagent-action/blob/d98096f432f2aea5091c811852c4da804e60623a/.github/workflows/review-pr.yml,https://github.com/docker/cagent-action
node-sdk,release.yml,workflow,NPM_PUBLISH_TOKEN,secret,step,public,0,0,0,https://github.com/docker/node-sdk/blob/main/.github/workflows/release.yml,https://github.com/docker/node-sdk
mcp-inspector,main.yml,workflow,NPM_TOKEN,secret,step,public,0,1,0,https://github.com/docker/mcp-inspector/blob/main/.github/workflows/main.yml,https://github.com/docker/mcp-inspector
unleash-proxy,release.yml,workflow,NPM_TOKEN,secret,step,public,0,1,0,https://github.com/docker/unleash-proxy/blob/main/.github/workflows/release.yml,https://github.com/docker/unleash-proxy
cagent-action,review-pr.yml,workflow,OPENAI_API_KEY,secret,step,public,0,0,1,https://github.com/docker/cagent-action/blob/main/.github/workflows/review-pr.yml,https://github.com/docker/cagent-action
cagent-action,test-e2e-reviewer.yml,workflow,OPENAI_API_KEY,secret,job,public,0,0,0,https://github.com/docker/cagent-action/blob/main/.github/workflows/test-e2e-reviewer.yml,https://github.com/docker/cagent-action
cagent-action,test-e2e-reviewer.yml,workflow,OPENAI_API_KEY,secret,step,public,0,0,0,https://github.com/docker/cagent-action/blob/main/.github/workflows/test-e2e-reviewer.yml,https://github.com/docker/cagent-action
cagent-action,test-e2e.yml,workflow,OPENAI_API_KEY,secret,step,public,0,0,0,https://github.com/docker/cagent-action/blob/main/.github/workflows/test-e2e.yml,https://github.com/docker/cagent-action
docker-agent-action,review-pr.yml,workflow,OPENAI_API_KEY,secret,step,public,0,0,1,https://github.com/docker/docker-agent-action/blob/main/.github/workflows/review-pr.yml,https://github.com/docker/docker-agent-action
docker-agent-action,test-e2e-reviewer.yml,workflow,OPENAI_API_KEY,secret,job,public,0,0,0,https://github.com/docker/docker-agent-action/blob/main/.github/workflows/test-e2e-reviewer.yml,https://github.com/docker/docker-agent-action
docker-agent-action,test-e2e-reviewer.yml,workflow,OPENAI_API_KEY,secret,step,public,0,0,0,https://github.com/docker/docker-agent-action/blob/main/.github/workflows/test-e2e-reviewer.yml,https://github.com/docker/docker-agent-action
docker-agent-action,test-e2e.yml,workflow,OPENAI_API_KEY,secret,step,public,0,0,0,https://github.com/docker/docker-agent-action/blob/main/.github/workflows/test-e2e.yml,https://github.com/docker/docker-agent-action
cagent-action,review-pr.yml,workflow,OPENAI_API_KEY,secret,step,public,0,0,1,https://github.com/docker/cagent-action/blob/3f5dc9969f307d3c76acb7e9ccaefdd96bd62f4b/.github/workflows/review-pr.yml,https://github.com/docker/cagent-action
cagent-action,review-pr.yml,workflow,OPENAI_API_KEY,secret,step,public,0,0,1,https://github.com/docker/cagent-action/blob/2369328cd25777eb0a4ff959a399b6d1a5204fc7/.github/workflows/review-pr.yml,https://github.com/docker/cagent-action
cagent-action,review-pr.yml,workflow,OPENAI_API_KEY,secret,step,public,0,0,1,https://github.com/docker/cagent-action/blob/0498757af1c50b084f763d626f571918cf317509/.github/workflows/review-pr.yml,https://github.com/docker/cagent-action
cagent-action,review-pr.yml,workflow,OPENAI_API_KEY,secret,step,public,0,0,1,https://github.com/docker/cagent-action/blob/f208610469d69f20983cad64c577949a132caa33/.github/workflows/review-pr.yml,https://github.com/docker/cagent-action
cagent-action,review-pr.yml,workflow,OPENAI_API_KEY,secret,step,public,0,0,1,https://github.com/docker/cagent-action/blob/d98096f432f2aea5091c811852c4da804e60623a/.github/workflows/review-pr.yml,https://github.com/docker/cagent-action
dagster-poc,branch_deployments.yml,workflow,ORGANIZATION_ID,secret,step,public,0,1,0,https://github.com/docker/dagster-poc/blob/main/.github/workflows/branch_deployments.yml,https://github.com/docker/dagster-poc
dagster-poc,deploy.yml,workflow,ORGANIZATION_ID,secret,step,public,0,1,0,https://github.com/docker/dagster-poc/blob/main/.github/workflows/deploy.yml,https://github.com/docker/dagster-poc
model-runner,release.yml,workflow,ORG_ACCESS_TOKEN,secret,step,public,0,0,0,https://github.com/docker/model-runner/blob/main/.github/workflows/release.yml,https://github.com/docker/model-runner
terraform-provider-docker,release.yml,workflow,PASSPHRASE,secret,step,public,0,0,0,https://github.com/docker/terraform-provider-docker/blob/main/.github/workflows/release.yml,https://github.com/docker/terraform-provider-docker
mcp-community-registry,cancel-pulumi-lock.yml,workflow,PULUMI_PROD_PASSPHRASE,secret,step,public,0,1,0,https://github.com/docker/mcp-community-registry/blob/main/.github/workflows/cancel-pulumi-lock.yml,https://github.com/docker/mcp-community-registry
mcp-community-registry,deploy-production.yml,workflow,PULUMI_PROD_PASSPHRASE,secret,step,public,0,1,0,https://github.com/docker/mcp-community-registry/blob/main/.github/workflows/deploy-production.yml,https://github.com/docker/mcp-community-registry
mcp-community-registry,cancel-pulumi-lock.yml,workflow,PULUMI_STAGING_PASSPHRASE,secret,step,public,0,1,0,https://github.com/docker/mcp-community-registry/blob/main/.github/workflows/cancel-pulumi-lock.yml,https://github.com/docker/mcp-community-registry
mcp-community-registry,deploy-staging.yml,workflow,PULUMI_STAGING_PASSPHRASE,secret,step,public,0,1,0,https://github.com/docker/mcp-community-registry/blob/main/.github/workflows/deploy-staging.yml,https://github.com/docker/mcp-community-registry
docker-py,release.yml,workflow,PYPI_API_TOKEN,secret,step,public,0,0,0,https://github.com/docker/docker-py/blob/main/.github/workflows/release.yml,https://github.com/docker/docker-py
mcp-registry,security-review-changes.yaml,workflow,REVIEWER_REPOSITORY,secret,step,public,0,0,0,https://github.com/docker/mcp-registry/blob/main/.github/workflows/security-review-changes.yaml,https://github.com/docker/mcp-registry
mcp-registry,security-review-manual.yaml,workflow,REVIEWER_REPOSITORY,secret,step,public,0,0,0,https://github.com/docker/mcp-registry/blob/main/.github/workflows/security-review-manual.yaml,https://github.com/docker/mcp-registry
mcp-registry,security-review-trigger.yaml,workflow,REVIEWER_REPOSITORY,secret,step,public,0,0,0,https://github.com/docker/mcp-registry/blob/main/.github/workflows/security-review-trigger.yaml,https://github.com/docker/mcp-registry
packaging,nightly.yml,workflow,RH_PASS,secret,job,public,0,0,0,https://github.com/docker/packaging/blob/main/.github/workflows/nightly.yml,https://github.com/docker/packaging
packaging,release-agent.yml,workflow,RH_PASS,secret,job,public,0,0,0,https://github.com/docker/packaging/blob/main/.github/workflows/release-agent.yml,https://github.com/docker/packaging
packaging,release-buildx.yml,workflow,RH_PASS,secret,job,public,0,0,0,https://github.com/docker/packaging/blob/main/.github/workflows/release-buildx.yml,https://github.com/docker/packaging
packaging,release-compose.yml,workflow,RH_PASS,secret,job,public,0,0,0,https://github.com/docker/packaging/blob/main/.github/workflows/release-compose.yml,https://github.com/docker/packaging
packaging,release-containerd.yml,workflow,RH_PASS,secret,job,public,0,0,0,https://github.com/docker/packaging/blob/main/.github/workflows/release-containerd.yml,https://github.com/docker/packaging
packaging,release-credential-helpers.yml,workflow,RH_PASS,secret,job,public,0,0,0,https://github.com/docker/packaging/blob/main/.github/workflows/release-credential-helpers.yml,https://github.com/docker/packaging
packaging,release-docker.yml,workflow,RH_PASS,secret,job,public,0,0,0,https://github.com/docker/packaging/blob/main/.github/workflows/release-docker.yml,https://github.com/docker/packaging
packaging,release-model.yml,workflow,RH_PASS,secret,job,public,0,0,0,https://github.com/docker/packaging/blob/main/.github/workflows/release-model.yml,https://github.com/docker/packaging
packaging,nightly.yml,workflow,RH_USER,secret,job,public,0,0,0,https://github.com/docker/packaging/blob/main/.github/workflows/nightly.yml,https://github.com/docker/packaging
packaging,release-agent.yml,workflow,RH_USER,secret,job,public,0,0,0,https://github.com/docker/packaging/blob/main/.github/workflows/release-agent.yml,https://github.com/docker/packaging
packaging,release-buildx.yml,workflow,RH_USER,secret,job,public,0,0,0,https://github.com/docker/packaging/blob/main/.github/workflows/release-buildx.yml,https://github.com/docker/packaging
packaging,release-compose.yml,workflow,RH_USER,secret,job,public,0,0,0,https://github.com/docker/packaging/blob/main/.github/workflows/release-compose.yml,https://github.com/docker/packaging
packaging,release-containerd.yml,workflow,RH_USER,secret,job,public,0,0,0,https://github.com/docker/packaging/blob/main/.github/workflows/release-containerd.yml,https://github.com/docker/packaging
packaging,release-credential-helpers.yml,workflow,RH_USER,secret,job,public,0,0,0,https://github.com/docker/packaging/blob/main/.github/workflows/release-credential-helpers.yml,https://github.com/docker/packaging
packaging,release-docker.yml,workflow,RH_USER,secret,job,public,0,0,0,https://github.com/docker/packaging/blob/main/.github/workflows/release-docker.yml,https://github.com/docker/packaging
packaging,release-model.yml,workflow,RH_USER,secret,job,public,0,0,0,https://github.com/docker/packaging/blob/main/.github/workflows/release-model.yml,https://github.com/docker/packaging
docs,notify-release-notes-pr.yml,workflow,SLACK_BOT_TOKEN,secret,step,public,0,0,0,https://github.com/docker/docs/blob/main/.github/workflows/notify-release-notes-pr.yml,https://github.com/docker/docs
docs,notify-release-notes-pr.yml,workflow,SLACK_RELEASE_CHANNEL_ID,secret,step,public,0,0,0,https://github.com/docker/docs/blob/main/.github/workflows/notify-release-notes-pr.yml,https://github.com/docker/docs
cagent-action,release.yml,workflow,SLACK_RELEASE_WEBHOOK,secret,step,public,0,0,0,https://github.com/docker/cagent-action/blob/main/.github/workflows/release.yml,https://github.com/docker/cagent-action
docker-agent-action,release.yml,workflow,SLACK_RELEASE_WEBHOOK,secret,step,public,0,0,0,https://github.com/docker/docker-agent-action/blob/main/.github/workflows/release.yml,https://github.com/docker/docker-agent-action
model-runner,release.yml,workflow,SLACK_WEBHOOK_URL,secret,step,public,0,0,0,https://github.com/docker/model-runner/blob/main/.github/workflows/release.yml,https://github.com/docker/model-runner
go-sdk,ci-test-go.yml,workflow,SONAR_TOKEN,secret,step,public,0,0,1,https://github.com/docker/go-sdk/blob/main/.github/workflows/ci-test-go.yml,https://github.com/docker/go-sdk
go-sdk,sonar-bulk-operations.yml,workflow,SONAR_TOKEN,secret,step,public,0,0,0,https://github.com/docker/go-sdk/blob/main/.github/workflows/sonar-bulk-operations.yml,https://github.com/docker/go-sdk
go-sdk,sonar-create-project.yml,workflow,SONAR_TOKEN,secret,step,public,0,0,0,https://github.com/docker/go-sdk/blob/main/.github/workflows/sonar-create-project.yml,https://github.com/docker/go-sdk
go-sdk,sonar-delete-project.yml,workflow,SONAR_TOKEN,secret,step,public,0,0,0,https://github.com/docker/go-sdk/blob/main/.github/workflows/sonar-delete-project.yml,https://github.com/docker/go-sdk
docker-language-server,build.yml,workflow,TELEMETRY_ENDPOINT,variable,step,public,0,0,0,https://github.com/docker/docker-language-server/blob/main/.github/workflows/build.yml,https://github.com/docker/docker-language-server
vscode-extension,build.yml,workflow,TELEMETRY_HOST,variable,step,public,0,0,0,https://github.com/docker/vscode-extension/blob/main/.github/workflows/build.yml,https://github.com/docker/vscode-extension
docker-language-server,build.yml,workflow,TELEMETRY_KEY,secret,step,public,0,0,0,https://github.com/docker/docker-language-server/blob/main/.github/workflows/build.yml,https://github.com/docker/docker-language-server
vscode-extension,build.yml,workflow,TELEMETRY_KEY,secret,step,public,0,0,0,https://github.com/docker/vscode-extension/blob/main/.github/workflows/build.yml,https://github.com/docker/vscode-extension
vscode-extension,build.yml,workflow,TELEMETRY_PATH,variable,step,public,0,0,0,https://github.com/docker/vscode-extension/blob/main/.github/workflows/build.yml,https://github.com/docker/vscode-extension
actions-toolkit,test.yml,workflow,TEST_FOR_SUMMARY,secret,step,public,0,0,0,https://github.com/docker/actions-toolkit/blob/main/.github/workflows/test.yml,https://github.com/docker/actions-toolkit
docker-agent,winget.yml,workflow,WINGET_GH_TOKEN,secret,step,public,0,0,0,https://github.com/docker/docker-agent/blob/main/.github/workflows/winget.yml,https://github.com/docker/docker-agent
cagent-action,review-pr.yml,workflow,XAI_API_KEY,secret,step,public,0,0,1,https://github.com/docker/cagent-action/blob/main/.github/workflows/review-pr.yml,https://github.com/docker/cagent-action
cagent-action,test-e2e-reviewer.yml,workflow,XAI_API_KEY,secret,job,public,0,0,0,https://github.com/docker/cagent-action/blob/main/.github/workflows/test-e2e-reviewer.yml,https://github.com/docker/cagent-action
docker-agent-action,review-pr.yml,workflow,XAI_API_KEY,secret,step,public,0,0,1,https://github.com/docker/docker-agent-action/blob/main/.github/workflows/review-pr.yml,https://github.com/docker/docker-agent-action
docker-agent-action,test-e2e-reviewer.yml,workflow,XAI_API_KEY,secret,job,public,0,0,0,https://github.com/docker/docker-agent-action/blob/main/.github/workflows/test-e2e-reviewer.yml,https://github.com/docker/docker-agent-action
cagent-action,review-pr.yml,workflow,XAI_API_KEY,secret,step,public,0,0,1,https://github.com/docker/cagent-action/blob/3f5dc9969f307d3c76acb7e9ccaefdd96bd62f4b/.github/workflows/review-pr.yml,https://github.com/docker/cagent-action
cagent-action,review-pr.yml,workflow,XAI_API_KEY,secret,step,public,0,0,1,https://github.com/docker/cagent-action/blob/2369328cd25777eb0a4ff959a399b6d1a5204fc7/.github/workflows/review-pr.yml,https://github.com/docker/cagent-action
cagent-action,review-pr.yml,workflow,XAI_API_KEY,secret,step,public,0,0,1,https://github.com/docker/cagent-action/blob/0498757af1c50b084f763d626f571918cf317509/.github/workflows/review-pr.yml,https://github.com/docker/cagent-action
cagent-action,review-pr.yml,workflow,XAI_API_KEY,secret,step,public,0,0,1,https://github.com/docker/cagent-action/blob/f208610469d69f20983cad64c577949a132caa33/.github/workflows/review-pr.yml,https://github.com/docker/cagent-action
cagent-action,review-pr.yml,workflow,XAI_API_KEY,secret,step,public,0,0,1,https://github.com/docker/cagent-action/blob/d98096f432f2aea5091c811852c4da804e60623a/.github/workflows/review-pr.yml,https://github.com/docker/cagent-action
packaging,.build.yml,workflow,dockerhub_token,secret,step,public,0,0,1,https://github.com/docker/packaging/blob/main/.github/workflows/.build.yml,https://github.com/docker/packaging
envoy,_upload_gcs.yml,workflow,gcp-key,secret,step,public,1,1,1,https://github.com/docker/envoy/blob/main/.github/workflows/_upload_gcs.yml,https://github.com/docker/envoy
packaging,.build.yml,workflow,ghtoken,secret,step,public,0,0,1,https://github.com/docker/packaging/blob/main/.github/workflows/.build.yml,https://github.com/docker/packaging
github-builder,bake.yml,workflow,registry-auths,secret,step,public,0,0,1,https://github.com/docker/github-builder/blob/main/.github/workflows/bake.yml,https://github.com/docker/github-builder
github-builder,build.yml,workflow,registry-auths,secret,step,public,0,0,1,https://github.com/docker/github-builder/blob/main/.github/workflows/build.yml,https://github.com/docker/github-builder
github-builder,verify.yml,workflow,registry-auths,secret,step,public,0,0,1,https://github.com/docker/github-builder/blob/main/.github/workflows/verify.yml,https://github.com/docker/github-builder
github-builder,bake.yml,workflow,registry-auths,secret,step,public,0,0,1,https://github.com/docker/github-builder/blob/073833262a23a17675c95c4541ab063b7646756b/.github/workflows/bake.yml,https://github.com/docker/github-builder
github-builder,bake.yml,workflow,registry-auths,secret,step,public,0,0,1,https://github.com/docker/github-builder/blob/5f637c833aa76bc99372a1dc9a6f8bcd8056fb85/.github/workflows/bake.yml,https://github.com/docker/github-builder
github-builder,bake.yml,workflow,registry-auths,secret,step,public,0,0,1,https://github.com/docker/github-builder/blob/70313223e2665c3211b454b3fea6534624e78d64/.github/workflows/bake.yml,https://github.com/docker/github-builder
build-push-action,.e2e-run.yml,workflow,registry_password,secret,step,public,0,0,1,https://github.com/docker/build-push-action/blob/master/.github/workflows/.e2e-run.yml,https://github.com/docker/build-push-action
build-push-action,.e2e-run.yml,workflow,registry_username,secret,step,public,0,0,1,https://github.com/docker/build-push-action/blob/master/.github/workflows/.e2e-run.yml,https://github.com/docker/build-push-action
packaging,.build.yml,workflow,rh_pass,secret,step,public,0,0,1,https://github.com/docker/packaging/blob/main/.github/workflows/.build.yml,https://github.com/docker/packaging
packaging,.build.yml,workflow,rh_user,secret,step,public,0,0,1,https://github.com/docker/packaging/blob/main/.github/workflows/.build.yml,https://github.com/docker/packaging
