org,repo,workflow,fork,archived,stars,visibility,ref,ref_type,ref_resolved_to,ref_resolved_type,workflow_type,workflow_url,jobs_count,workflow_status,parent_workflows,event_triggers
docker,actions-toolkit,.github/workflows/build.yml,0,0,88,public,main,branch,779136b849fb01373e53c81156c2fcbdc2f7b95b,commit,workflow,https://github.com/docker/actions-toolkit/blob/779136b849fb01373e53c81156c2fcbdc2f7b95b/.github/workflows/build.yml,1,,,"push,pull_request"
docker,actions-toolkit,.github/workflows/buildx-lab-releases-json.yml,0,0,88,public,main,branch,779136b849fb01373e53c81156c2fcbdc2f7b95b,commit,workflow,https://github.com/docker/actions-toolkit/blob/779136b849fb01373e53c81156c2fcbdc2f7b95b/.github/workflows/buildx-lab-releases-json.yml,2,,,"workflow_dispatch,schedule,push,pull_request"
docker,actions-toolkit,.github/workflows/buildx-releases-json.yml,0,0,88,public,main,branch,779136b849fb01373e53c81156c2fcbdc2f7b95b,commit,workflow,https://github.com/docker/actions-toolkit/blob/779136b849fb01373e53c81156c2fcbdc2f7b95b/.github/workflows/buildx-releases-json.yml,2,,,"workflow_dispatch,schedule,push,pull_request"
docker,actions-toolkit,.github/workflows/codeql.yml,0,0,88,public,main,branch,779136b849fb01373e53c81156c2fcbdc2f7b95b,commit,workflow,https://github.com/docker/actions-toolkit/blob/779136b849fb01373e53c81156c2fcbdc2f7b95b/.github/workflows/codeql.yml,1,,,"push,pull_request"
docker,actions-toolkit,.github/workflows/compose-lab-releases-json.yml,0,0,88,public,main,branch,779136b849fb01373e53c81156c2fcbdc2f7b95b,commit,workflow,https://github.com/docker/actions-toolkit/blob/779136b849fb01373e53c81156c2fcbdc2f7b95b/.github/workflows/compose-lab-releases-json.yml,2,,,"workflow_dispatch,schedule,push,pull_request"
docker,actions-toolkit,.github/workflows/compose-releases-json.yml,0,0,88,public,main,branch,779136b849fb01373e53c81156c2fcbdc2f7b95b,commit,workflow,https://github.com/docker/actions-toolkit/blob/779136b849fb01373e53c81156c2fcbdc2f7b95b/.github/workflows/compose-releases-json.yml,2,,,"workflow_dispatch,schedule,push,pull_request"
docker,actions-toolkit,.github/workflows/docker-releases-json.yml,0,0,88,public,main,branch,779136b849fb01373e53c81156c2fcbdc2f7b95b,commit,workflow,https://github.com/docker/actions-toolkit/blob/779136b849fb01373e53c81156c2fcbdc2f7b95b/.github/workflows/docker-releases-json.yml,2,,,"workflow_dispatch,schedule,push,pull_request"
docker,actions-toolkit,.github/workflows/pr-assign-author.yml,0,0,88,public,main,branch,779136b849fb01373e53c81156c2fcbdc2f7b95b,commit,workflow,https://github.com/docker/actions-toolkit/blob/779136b849fb01373e53c81156c2fcbdc2f7b95b/.github/workflows/pr-assign-author.yml,1,,,pull_request_target
docker,actions-toolkit,.github/workflows/publish.yml,0,0,88,public,main,branch,779136b849fb01373e53c81156c2fcbdc2f7b95b,commit,workflow,https://github.com/docker/actions-toolkit/blob/779136b849fb01373e53c81156c2fcbdc2f7b95b/.github/workflows/publish.yml,1,,,push
docker,actions-toolkit,.github/workflows/regclient-releases-json.yml,0,0,88,public,main,branch,779136b849fb01373e53c81156c2fcbdc2f7b95b,commit,workflow,https://github.com/docker/actions-toolkit/blob/779136b849fb01373e53c81156c2fcbdc2f7b95b/.github/workflows/regclient-releases-json.yml,2,,,"workflow_dispatch,schedule,push,pull_request"
docker,actions-toolkit,.github/workflows/test.yml,0,0,88,public,main,branch,779136b849fb01373e53c81156c2fcbdc2f7b95b,commit,workflow,https://github.com/docker/actions-toolkit/blob/779136b849fb01373e53c81156c2fcbdc2f7b95b/.github/workflows/test.yml,3,,,"workflow_dispatch,push,pull_request"
docker,actions-toolkit,.github/workflows/undock-releases-json.yml,0,0,88,public,main,branch,779136b849fb01373e53c81156c2fcbdc2f7b95b,commit,workflow,https://github.com/docker/actions-toolkit/blob/779136b849fb01373e53c81156c2fcbdc2f7b95b/.github/workflows/undock-releases-json.yml,2,,,"workflow_dispatch,schedule,push,pull_request"
docker,actions-toolkit,.github/workflows/validate.yml,0,0,88,public,main,branch,779136b849fb01373e53c81156c2fcbdc2f7b95b,commit,workflow,https://github.com/docker/actions-toolkit/blob/779136b849fb01373e53c81156c2fcbdc2f7b95b/.github/workflows/validate.yml,2,,,"workflow_dispatch,push,pull_request"
docker,actions-toolkit,.github/workflows/virtual-env.yml,0,0,88,public,main,branch,779136b849fb01373e53c81156c2fcbdc2f7b95b,commit,workflow,https://github.com/docker/actions-toolkit/blob/779136b849fb01373e53c81156c2fcbdc2f7b95b/.github/workflows/virtual-env.yml,1,,,"workflow_dispatch,schedule,push,pull_request"
docker,attest,.github/workflows/lint.yml,0,1,9,public,main,branch,de602565c040ad787f8b89b5e3463a0ce80b44d4,commit,workflow,https://github.com/docker/attest/blob/de602565c040ad787f8b89b5e3463a0ce80b44d4/.github/workflows/lint.yml,1,,,"pull_request,workflow_dispatch"
docker,attest,.github/workflows/release-drafter.yml,0,1,9,public,main,branch,de602565c040ad787f8b89b5e3463a0ce80b44d4,commit,workflow,https://github.com/docker/attest/blob/de602565c040ad787f8b89b5e3463a0ce80b44d4/.github/workflows/release-drafter.yml,1,,,"push,pull_request"
docker,attest,.github/workflows/release.yml,0,1,9,public,main,branch,de602565c040ad787f8b89b5e3463a0ce80b44d4,commit,workflow,https://github.com/docker/attest/blob/de602565c040ad787f8b89b5e3463a0ce80b44d4/.github/workflows/release.yml,1,,,release
docker,attest,.github/workflows/test.yml,0,1,9,public,main,branch,de602565c040ad787f8b89b5e3463a0ce80b44d4,commit,workflow,https://github.com/docker/attest/blob/de602565c040ad787f8b89b5e3463a0ce80b44d4/.github/workflows/test.yml,1,,,"push,pull_request,workflow_dispatch"
docker,attest-provider,.github/workflows/dependency-review.yml,0,1,3,public,main,branch,329e85366b3902193dbf5e6f9e5308b4ce2f2588,commit,workflow,https://github.com/docker/attest-provider/blob/329e85366b3902193dbf5e6f9e5308b4ce2f2588/.github/workflows/dependency-review.yml,1,,,pull_request
docker,attest-provider,.github/workflows/helm-release.yaml,0,1,3,public,main,branch,329e85366b3902193dbf5e6f9e5308b4ce2f2588,commit,workflow,https://github.com/docker/attest-provider/blob/329e85366b3902193dbf5e6f9e5308b4ce2f2588/.github/workflows/helm-release.yaml,1,,,push
docker,attest-provider,.github/workflows/release-drafter.yml,0,1,3,public,main,branch,329e85366b3902193dbf5e6f9e5308b4ce2f2588,commit,workflow,https://github.com/docker/attest-provider/blob/329e85366b3902193dbf5e6f9e5308b4ce2f2588/.github/workflows/release-drafter.yml,1,,,"push,pull_request"
docker,attest-provider,.github/workflows/release.yml,0,1,3,public,main,branch,329e85366b3902193dbf5e6f9e5308b4ce2f2588,commit,workflow,https://github.com/docker/attest-provider/blob/329e85366b3902193dbf5e6f9e5308b4ce2f2588/.github/workflows/release.yml,1,,,release
docker,attest-provider,.github/workflows/workflow.yaml,0,1,3,public,main,branch,329e85366b3902193dbf5e6f9e5308b4ce2f2588,commit,workflow,https://github.com/docker/attest-provider/blob/329e85366b3902193dbf5e6f9e5308b4ce2f2588/.github/workflows/workflow.yaml,2,,,"workflow_dispatch,push,pull_request"
docker,awesome-compose,.github/workflows/codeql-analysis.yml,0,0,41908,public,master,branch,18f59bdb09ecf520dd5758fbf90dec314baec545,commit,workflow,https://github.com/docker/awesome-compose/blob/18f59bdb09ecf520dd5758fbf90dec314baec545/.github/workflows/codeql-analysis.yml,1,,,push
docker,aws-kms-sign-csr,.github/workflows/build.yml,1,0,1,public,master,branch,81deaaafc5a7de0144041d1732d3db9553c7e69c,commit,workflow,https://github.com/docker/aws-kms-sign-csr/blob/81deaaafc5a7de0144041d1732d3db9553c7e69c/.github/workflows/build.yml,1,,,"pull_request,push"
docker,aws-kms-sign-csr,.github/workflows/release.yml,1,0,1,public,master,branch,81deaaafc5a7de0144041d1732d3db9553c7e69c,commit,workflow,https://github.com/docker/aws-kms-sign-csr/blob/81deaaafc5a7de0144041d1732d3db9553c7e69c/.github/workflows/release.yml,1,,,workflow_dispatch
docker,babashka-pod-docker,.github/workflows/docker.yml,0,0,22,public,main,branch,645ee7fa7b8c659658dbaef7b813b2c8e89f7f3a,commit,workflow,https://github.com/docker/babashka-pod-docker/blob/645ee7fa7b8c659658dbaef7b813b2c8e89f7f3a/.github/workflows/docker.yml,1,,,push
docker,babashka-pod-docker,.github/workflows/release.yml,0,0,22,public,main,branch,645ee7fa7b8c659658dbaef7b813b2c8e89f7f3a,commit,workflow,https://github.com/docker/babashka-pod-docker/blob/645ee7fa7b8c659658dbaef7b813b2c8e89f7f3a/.github/workflows/release.yml,1,,,push
docker,bake-action,.github/workflows/ci-subaction.yml,0,0,264,public,master,branch,41c10f2beb4c60ac3eb05f9d48947994b7ae47e5,commit,action,https://github.com/docker/bake-action/blob/41c10f2beb4c60ac3eb05f9d48947994b7ae47e5/.github/workflows/ci-subaction.yml,1,,,
docker,bake-action,.github/workflows/ci.yml,0,0,264,public,master,branch,41c10f2beb4c60ac3eb05f9d48947994b7ae47e5,commit,workflow,https://github.com/docker/bake-action/blob/41c10f2beb4c60ac3eb05f9d48947994b7ae47e5/.github/workflows/ci.yml,29,,,"workflow_dispatch,schedule,push,pull_request"
docker,bake-action,.github/workflows/pr-assign-author.yml,0,0,264,public,master,branch,41c10f2beb4c60ac3eb05f9d48947994b7ae47e5,commit,workflow,https://github.com/docker/bake-action/blob/41c10f2beb4c60ac3eb05f9d48947994b7ae47e5/.github/workflows/pr-assign-author.yml,1,,,pull_request_target
docker,bake-action,.github/workflows/publish.yml,0,0,264,public,master,branch,41c10f2beb4c60ac3eb05f9d48947994b7ae47e5,commit,workflow,https://github.com/docker/bake-action/blob/41c10f2beb4c60ac3eb05f9d48947994b7ae47e5/.github/workflows/publish.yml,1,,,release
docker,bake-action,.github/workflows/test.yml,0,0,264,public,master,branch,41c10f2beb4c60ac3eb05f9d48947994b7ae47e5,commit,workflow,https://github.com/docker/bake-action/blob/41c10f2beb4c60ac3eb05f9d48947994b7ae47e5/.github/workflows/test.yml,1,,,"push,pull_request"
docker,bake-action,.github/workflows/validate.yml,0,0,264,public,master,branch,41c10f2beb4c60ac3eb05f9d48947994b7ae47e5,commit,workflow,https://github.com/docker/bake-action/blob/41c10f2beb4c60ac3eb05f9d48947994b7ae47e5/.github/workflows/validate.yml,2,,,"push,pull_request"
docker,bake-action,./action.yml,0,0,264,public,master,branch,41c10f2beb4c60ac3eb05f9d48947994b7ae47e5,commit,action,https://github.com/docker/bake-action/blob/41c10f2beb4c60ac3eb05f9d48947994b7ae47e5/./action.yml,1,,,
docker,bake-action,subaction/list-targets/action.yml,0,0,264,public,master,branch,41c10f2beb4c60ac3eb05f9d48947994b7ae47e5,commit,action,https://github.com/docker/bake-action/blob/41c10f2beb4c60ac3eb05f9d48947994b7ae47e5/subaction/list-targets/action.yml,1,,,
docker,bake-action,subaction/matrix/action.yml,0,0,264,public,master,branch,41c10f2beb4c60ac3eb05f9d48947994b7ae47e5,commit,action,https://github.com/docker/bake-action/blob/41c10f2beb4c60ac3eb05f9d48947994b7ae47e5/subaction/matrix/action.yml,1,,,
docker,base-cli-plugin,.github/workflows/go.yml,0,0,16,public,main,branch,45dec2439edf53ca9f6964a0cdb228cb8198ee2e,commit,workflow,https://github.com/docker/base-cli-plugin/blob/45dec2439edf53ca9f6964a0cdb228cb8198ee2e/.github/workflows/go.yml,1,,,"push,pull_request"
docker,base-cli-plugin,.github/workflows/goreleaser.yaml,0,0,16,public,main,branch,45dec2439edf53ca9f6964a0cdb228cb8198ee2e,commit,workflow,https://github.com/docker/base-cli-plugin/blob/45dec2439edf53ca9f6964a0cdb228cb8198ee2e/.github/workflows/goreleaser.yaml,1,,,push
docker,build-push-action,.github/workflows/.e2e-run.yml,0,0,4977,public,master,branch,9e436ba9f2d7bcd1d038c8e55d039d37896ddc5d,commit,workflow,https://github.com/docker/build-push-action/blob/9e436ba9f2d7bcd1d038c8e55d039d37896ddc5d/.github/workflows/.e2e-run.yml,1,,,workflow_call
docker,build-push-action,.github/workflows/ci.yml,0,0,4977,public,master,branch,9e436ba9f2d7bcd1d038c8e55d039d37896ddc5d,commit,workflow,https://github.com/docker/build-push-action/blob/9e436ba9f2d7bcd1d038c8e55d039d37896ddc5d/.github/workflows/ci.yml,45,,,"workflow_dispatch,schedule,push,pull_request"
docker,build-push-action,.github/workflows/e2e.yml,0,0,4977,public,master,branch,9e436ba9f2d7bcd1d038c8e55d039d37896ddc5d,commit,workflow,https://github.com/docker/build-push-action/blob/9e436ba9f2d7bcd1d038c8e55d039d37896ddc5d/.github/workflows/e2e.yml,1,,,"workflow_dispatch,schedule,push"
docker,build-push-action,.github/workflows/pr-assign-author.yml,0,0,4977,public,master,branch,9e436ba9f2d7bcd1d038c8e55d039d37896ddc5d,commit,workflow,https://github.com/docker/build-push-action/blob/9e436ba9f2d7bcd1d038c8e55d039d37896ddc5d/.github/workflows/pr-assign-author.yml,1,,,pull_request_target
docker,build-push-action,.github/workflows/publish.yml,0,0,4977,public,master,branch,9e436ba9f2d7bcd1d038c8e55d039d37896ddc5d,commit,workflow,https://github.com/docker/build-push-action/blob/9e436ba9f2d7bcd1d038c8e55d039d37896ddc5d/.github/workflows/publish.yml,1,,,release
docker,build-push-action,.github/workflows/test.yml,0,0,4977,public,master,branch,9e436ba9f2d7bcd1d038c8e55d039d37896ddc5d,commit,workflow,https://github.com/docker/build-push-action/blob/9e436ba9f2d7bcd1d038c8e55d039d37896ddc5d/.github/workflows/test.yml,1,,,"push,pull_request"
docker,build-push-action,.github/workflows/validate.yml,0,0,4977,public,master,branch,9e436ba9f2d7bcd1d038c8e55d039d37896ddc5d,commit,workflow,https://github.com/docker/build-push-action/blob/9e436ba9f2d7bcd1d038c8e55d039d37896ddc5d/.github/workflows/validate.yml,2,,,"push,pull_request"
docker,build-push-action,./action.yml,0,0,4977,public,master,branch,9e436ba9f2d7bcd1d038c8e55d039d37896ddc5d,commit,action,https://github.com/docker/build-push-action/blob/9e436ba9f2d7bcd1d038c8e55d039d37896ddc5d/./action.yml,1,,,
docker,build-push-action,action.yml,0,0,4977,public,master,branch,9e436ba9f2d7bcd1d038c8e55d039d37896ddc5d,commit,action,https://github.com/docker/build-push-action/blob/9e436ba9f2d7bcd1d038c8e55d039d37896ddc5d/action.yml,1,,,
docker,buildkit-syft-scanner,.github/workflows/buildkit-image.yml,0,0,37,public,master,branch,7f88f574a306067cc8ec471b6d5a4a70f0c26208,commit,workflow,https://github.com/docker/buildkit-syft-scanner/blob/7f88f574a306067cc8ec471b6d5a4a70f0c26208/.github/workflows/buildkit-image.yml,1,,,workflow_dispatch
docker,buildkit-syft-scanner,.github/workflows/ci.yaml,0,0,37,public,master,branch,7f88f574a306067cc8ec471b6d5a4a70f0c26208,commit,workflow,https://github.com/docker/buildkit-syft-scanner/blob/7f88f574a306067cc8ec471b6d5a4a70f0c26208/.github/workflows/ci.yaml,2,,,"workflow_dispatch,push,pull_request"
docker,buildkit-syft-scanner,.github/workflows/e2e.yml,0,0,37,public,master,branch,7f88f574a306067cc8ec471b6d5a4a70f0c26208,commit,workflow,https://github.com/docker/buildkit-syft-scanner/blob/7f88f574a306067cc8ec471b6d5a4a70f0c26208/.github/workflows/e2e.yml,2,,,"workflow_dispatch,push,pull_request"
docker,buildkit-syft-scanner,.github/workflows/pr-assign-author.yml,0,0,37,public,master,branch,7f88f574a306067cc8ec471b6d5a4a70f0c26208,commit,workflow,https://github.com/docker/buildkit-syft-scanner/blob/7f88f574a306067cc8ec471b6d5a4a70f0c26208/.github/workflows/pr-assign-author.yml,1,,,pull_request_target
docker,buildkit-syft-scanner,.github/workflows/validate.yml,0,0,37,public,master,branch,7f88f574a306067cc8ec471b6d5a4a70f0c26208,commit,workflow,https://github.com/docker/buildkit-syft-scanner/blob/7f88f574a306067cc8ec471b6d5a4a70f0c26208/.github/workflows/validate.yml,1,,,"workflow_dispatch,push,pull_request"
docker,buildx,.github/workflows/build.yml,0,0,4119,public,master,branch,abf6ab4a377ff196714ba06d8e62407ef1750549,commit,workflow,https://github.com/docker/buildx/blob/abf6ab4a377ff196714ba06d8e62407ef1750549/.github/workflows/build.yml,9,,,"workflow_dispatch,push,pull_request"
docker,buildx,.github/workflows/codeql.yml,0,0,4119,public,master,branch,abf6ab4a377ff196714ba06d8e62407ef1750549,commit,workflow,https://github.com/docker/buildx/blob/abf6ab4a377ff196714ba06d8e62407ef1750549/.github/workflows/codeql.yml,1,,,"push,pull_request"
docker,buildx,.github/workflows/docs-release.yml,0,0,4119,public,master,branch,abf6ab4a377ff196714ba06d8e62407ef1750549,commit,workflow,https://github.com/docker/buildx/blob/abf6ab4a377ff196714ba06d8e62407ef1750549/.github/workflows/docs-release.yml,1,,,"workflow_dispatch,release"
docker,buildx,.github/workflows/docs-upstream.yml,0,0,4119,public,master,branch,abf6ab4a377ff196714ba06d8e62407ef1750549,commit,workflow,https://github.com/docker/buildx/blob/abf6ab4a377ff196714ba06d8e62407ef1750549/.github/workflows/docs-upstream.yml,2,,,"push,pull_request"
docker,buildx,.github/workflows/e2e.yml,0,0,4119,public,master,branch,abf6ab4a377ff196714ba06d8e62407ef1750549,commit,workflow,https://github.com/docker/buildx/blob/abf6ab4a377ff196714ba06d8e62407ef1750549/.github/workflows/e2e.yml,3,,,"workflow_dispatch,push,pull_request"
docker,buildx,.github/workflows/labeler.yml,0,0,4119,public,master,branch,abf6ab4a377ff196714ba06d8e62407ef1750549,commit,workflow,https://github.com/docker/buildx/blob/abf6ab4a377ff196714ba06d8e62407ef1750549/.github/workflows/labeler.yml,1,,,pull_request_target
docker,buildx,.github/workflows/pr-assign-author.yml,0,0,4119,public,master,branch,abf6ab4a377ff196714ba06d8e62407ef1750549,commit,workflow,https://github.com/docker/buildx/blob/abf6ab4a377ff196714ba06d8e62407ef1750549/.github/workflows/pr-assign-author.yml,1,,,pull_request_target
docker,buildx,.github/workflows/validate.yml,0,0,4119,public,master,branch,abf6ab4a377ff196714ba06d8e62407ef1750549,commit,workflow,https://github.com/docker/buildx/blob/abf6ab4a377ff196714ba06d8e62407ef1750549/.github/workflows/validate.yml,2,,,"workflow_dispatch,push,pull_request"
docker,cagent,.github/workflows/ci.yml,0,0,1358,public,main,branch,4148d8cb21cd0fd89a073f6c140681c68b68236c,commit,workflow,https://github.com/docker/cagent/blob/4148d8cb21cd0fd89a073f6c140681c68b68236c/.github/workflows/ci.yml,5,,,"workflow_dispatch,push,pull_request"
docker,cli,.github/workflows/build.yml,0,0,5491,public,master,branch,171a9b70b2736c719019393259ecebdcac47bead,commit,workflow,https://github.com/docker/cli/blob/171a9b70b2736c719019393259ecebdcac47bead/.github/workflows/build.yml,5,,,"workflow_dispatch,push,pull_request"
docker,cli,.github/workflows/codeql.yml,0,0,5491,public,master,branch,171a9b70b2736c719019393259ecebdcac47bead,commit,workflow,https://github.com/docker/cli/blob/171a9b70b2736c719019393259ecebdcac47bead/.github/workflows/codeql.yml,1,,,"push,pull_request,schedule"
docker,cli,.github/workflows/e2e.yml,0,0,5491,public,master,branch,171a9b70b2736c719019393259ecebdcac47bead,commit,workflow,https://github.com/docker/cli/blob/171a9b70b2736c719019393259ecebdcac47bead/.github/workflows/e2e.yml,1,,,"workflow_dispatch,push,pull_request"
docker,cli,.github/workflows/test.yml,0,0,5491,public,master,branch,171a9b70b2736c719019393259ecebdcac47bead,commit,workflow,https://github.com/docker/cli/blob/171a9b70b2736c719019393259ecebdcac47bead/.github/workflows/test.yml,2,,,"workflow_dispatch,push,pull_request"
docker,cli,.github/workflows/validate-pr.yml,0,0,5491,public,master,branch,171a9b70b2736c719019393259ecebdcac47bead,commit,workflow,https://github.com/docker/cli/blob/171a9b70b2736c719019393259ecebdcac47bead/.github/workflows/validate-pr.yml,3,,,pull_request
docker,cli,.github/workflows/validate.yml,0,0,5491,public,master,branch,171a9b70b2736c719019393259ecebdcac47bead,commit,workflow,https://github.com/docker/cli/blob/171a9b70b2736c719019393259ecebdcac47bead/.github/workflows/validate.yml,3,,,"workflow_dispatch,push,pull_request"
docker,cli-docs-tool,.github/workflows/test.yml,0,0,24,public,main,branch,3c1cdbb86f9b3099dcda9046ad861326a62b0081,commit,workflow,https://github.com/docker/cli-docs-tool/blob/3c1cdbb86f9b3099dcda9046ad861326a62b0081/.github/workflows/test.yml,4,,,"push,pull_request"
docker,compose,.github/workflows/ci.yml,0,0,36321,public,main,branch,be8c7e6c60c6dad95527fa4a338a1490ea5f3f97,commit,workflow,https://github.com/docker/compose/blob/be8c7e6c60c6dad95527fa4a338a1490ea5f3f97/.github/workflows/ci.yml,7,,,"push,pull_request,workflow_dispatch"
docker,compose,.github/workflows/docs-upstream.yml,0,0,36321,public,main,branch,be8c7e6c60c6dad95527fa4a338a1490ea5f3f97,commit,workflow,https://github.com/docker/compose/blob/be8c7e6c60c6dad95527fa4a338a1490ea5f3f97/.github/workflows/docs-upstream.yml,2,,,"push,pull_request"
docker,compose,.github/workflows/merge.yml,0,0,36321,public,main,branch,be8c7e6c60c6dad95527fa4a338a1490ea5f3f97,commit,workflow,https://github.com/docker/compose/blob/be8c7e6c60c6dad95527fa4a338a1490ea5f3f97/.github/workflows/merge.yml,3,,,push
docker,compose,.github/workflows/scorecards.yml,0,0,36321,public,main,branch,be8c7e6c60c6dad95527fa4a338a1490ea5f3f97,commit,workflow,https://github.com/docker/compose/blob/be8c7e6c60c6dad95527fa4a338a1490ea5f3f97/.github/workflows/scorecards.yml,1,,,"branch_protection_rule,schedule,push"
docker,compose,.github/workflows/stale.yml,0,0,36321,public,main,branch,be8c7e6c60c6dad95527fa4a338a1490ea5f3f97,commit,workflow,https://github.com/docker/compose/blob/be8c7e6c60c6dad95527fa4a338a1490ea5f3f97/.github/workflows/stale.yml,1,,,schedule
docker,compose-bridge-transformer,.github/workflows/transformer-images.yaml,0,0,4,public,main,branch,676ea5d8c9cc5544df8918cd65eca52b95712a01,commit,workflow,https://github.com/docker/compose-bridge-transformer/blob/676ea5d8c9cc5544df8918cd65eca52b95712a01/.github/workflows/transformer-images.yaml,4,,,"push,pull_request"
docker,compose-for-agents,.github/workflows/a2a.yaml,0,0,657,public,main,branch,c47af8c51050e97293d027cc06fee93d3a0b3804,commit,workflow,https://github.com/docker/compose-for-agents/blob/c47af8c51050e97293d027cc06fee93d3a0b3804/.github/workflows/a2a.yaml,2,,,"push,pull_request"
docker,compose-for-agents,.github/workflows/adk-cerebras.yaml,0,0,657,public,main,branch,c47af8c51050e97293d027cc06fee93d3a0b3804,commit,workflow,https://github.com/docker/compose-for-agents/blob/c47af8c51050e97293d027cc06fee93d3a0b3804/.github/workflows/adk-cerebras.yaml,1,,,"push,pull_request"
docker,compose-for-agents,.github/workflows/adk.yaml,0,0,657,public,main,branch,c47af8c51050e97293d027cc06fee93d3a0b3804,commit,workflow,https://github.com/docker/compose-for-agents/blob/c47af8c51050e97293d027cc06fee93d3a0b3804/.github/workflows/adk.yaml,2,,,"push,pull_request"
docker,compose-for-agents,.github/workflows/agno.yaml,0,0,657,public,main,branch,c47af8c51050e97293d027cc06fee93d3a0b3804,commit,workflow,https://github.com/docker/compose-for-agents/blob/c47af8c51050e97293d027cc06fee93d3a0b3804/.github/workflows/agno.yaml,2,,,"push,pull_request"
docker,compose-for-agents,.github/workflows/akka.yaml,0,0,657,public,main,branch,c47af8c51050e97293d027cc06fee93d3a0b3804,commit,workflow,https://github.com/docker/compose-for-agents/blob/c47af8c51050e97293d027cc06fee93d3a0b3804/.github/workflows/akka.yaml,1,,,"push,pull_request"
docker,compose-for-agents,.github/workflows/crew-ai.yaml,0,0,657,public,main,branch,c47af8c51050e97293d027cc06fee93d3a0b3804,commit,workflow,https://github.com/docker/compose-for-agents/blob/c47af8c51050e97293d027cc06fee93d3a0b3804/.github/workflows/crew-ai.yaml,2,,,"push,pull_request"
docker,compose-for-agents,.github/workflows/langgraph.yaml,0,0,657,public,main,branch,c47af8c51050e97293d027cc06fee93d3a0b3804,commit,workflow,https://github.com/docker/compose-for-agents/blob/c47af8c51050e97293d027cc06fee93d3a0b3804/.github/workflows/langgraph.yaml,2,,,"push,pull_request"
docker,compose-for-agents,.github/workflows/markdownlint.yaml,0,0,657,public,main,branch,c47af8c51050e97293d027cc06fee93d3a0b3804,commit,workflow,https://github.com/docker/compose-for-agents/blob/c47af8c51050e97293d027cc06fee93d3a0b3804/.github/workflows/markdownlint.yaml,1,,,"push,pull_request"
docker,compose-for-agents,.github/workflows/yamllint.yaml,0,0,657,public,main,branch,c47af8c51050e97293d027cc06fee93d3a0b3804,commit,workflow,https://github.com/docker/compose-for-agents/blob/c47af8c51050e97293d027cc06fee93d3a0b3804/.github/workflows/yamllint.yaml,1,,,"push,pull_request"
docker,compose-for-agents,.github/actions/setup-compose/action.yaml,0,0,657,public,main,branch,c47af8c51050e97293d027cc06fee93d3a0b3804,commit,action,https://github.com/docker/compose-for-agents/blob/c47af8c51050e97293d027cc06fee93d3a0b3804/.github/actions/setup-compose/action.yaml,1,,,
docker,compose-language-service,.github/workflows/info-needed-closer.yml,1,0,2,public,main,branch,ac0d4e988dd914ca90672cdb3e4e83bba7fb2997,commit,workflow,https://github.com/docker/compose-language-service/blob/ac0d4e988dd914ca90672cdb3e4e83bba7fb2997/.github/workflows/info-needed-closer.yml,1,,,"schedule,workflow_dispatch"
docker,compose-language-service,.github/workflows/locker.yml,1,0,2,public,main,branch,ac0d4e988dd914ca90672cdb3e4e83bba7fb2997,commit,workflow,https://github.com/docker/compose-language-service/blob/ac0d4e988dd914ca90672cdb3e4e83bba7fb2997/.github/workflows/locker.yml,1,,,"schedule,workflow_dispatch"
docker,compose-language-service,.github/workflows/main.yml,1,0,2,public,main,branch,ac0d4e988dd914ca90672cdb3e4e83bba7fb2997,commit,workflow,https://github.com/docker/compose-language-service/blob/ac0d4e988dd914ca90672cdb3e4e83bba7fb2997/.github/workflows/main.yml,1,,,"workflow_dispatch,push,pull_request"
docker,compose-switch,.github/workflows/ci.yml,0,0,201,public,master,branch,431ccbdadf5152980e1fb1fa1928c7a0531e7d80,commit,workflow,https://github.com/docker/compose-switch/blob/431ccbdadf5152980e1fb1fa1928c7a0531e7d80/.github/workflows/ci.yml,1,,,"push,pull_request"
docker,compose-switch,.github/workflows/release-weekly-build.yml,0,0,201,public,master,branch,431ccbdadf5152980e1fb1fa1928c7a0531e7d80,commit,workflow,https://github.com/docker/compose-switch/blob/431ccbdadf5152980e1fb1fa1928c7a0531e7d80/.github/workflows/release-weekly-build.yml,1,,,workflow_dispatch
docker,dagster-poc,.github/workflows/branch_deployments.yml,1,0,3,public,main,branch,962496542964ae843dd88d338c8ee14407490f33,commit,workflow,https://github.com/docker/dagster-poc/blob/962496542964ae843dd88d338c8ee14407490f33/.github/workflows/branch_deployments.yml,2,,,pull_request
docker,dagster-poc,.github/workflows/deploy.yml,1,0,3,public,main,branch,962496542964ae843dd88d338c8ee14407490f33,commit,workflow,https://github.com/docker/dagster-poc/blob/962496542964ae843dd88d338c8ee14407490f33/.github/workflows/deploy.yml,2,,,push
docker,desktop-action,.github/workflows/ci.yaml,0,0,10,public,main,branch,70b6492577832988cce80d7bba119a2eb61ac5d6,commit,workflow,https://github.com/docker/desktop-action/blob/70b6492577832988cce80d7bba119a2eb61ac5d6/.github/workflows/ci.yaml,1,,,"push,pull_request"
docker,desktop-action,start/action.yml,0,0,10,public,main,branch,70b6492577832988cce80d7bba119a2eb61ac5d6,commit,action,https://github.com/docker/desktop-action/blob/70b6492577832988cce80d7bba119a2eb61ac5d6/start/action.yml,1,,,
docker,desktop-cloud-provider,.github/workflows/publish.yaml,1,0,6,public,main,branch,318750d0ddd219b56d569c4e92e0da57bfeba3ef,commit,workflow,https://github.com/docker/desktop-cloud-provider/blob/318750d0ddd219b56d569c4e92e0da57bfeba3ef/.github/workflows/publish.yaml,1,,,push
docker,docker-bench-security,.github/workflows/issues.yml,0,0,9505,public,master,branch,ff26d67f25be60fc2d82a01710ee14570b2cb9db,commit,workflow,https://github.com/docker/docker-bench-security/blob/ff26d67f25be60fc2d82a01710ee14570b2cb9db/.github/workflows/issues.yml,1,,,issues
docker,docker-bench-security,.github/workflows/slsa.yml,0,0,9505,public,master,branch,ff26d67f25be60fc2d82a01710ee14570b2cb9db,commit,workflow,https://github.com/docker/docker-bench-security/blob/ff26d67f25be60fc2d82a01710ee14570b2cb9db/.github/workflows/slsa.yml,3,,,"push,release"
docker,docker-ce-packaging,.github/workflows/ci.yml,0,0,199,public,master,branch,33fd879c4693cad76f77f543db6937fa0d3dc4bd,commit,workflow,https://github.com/docker/docker-ce-packaging/blob/33fd879c4693cad76f77f543db6937fa0d3dc4bd/.github/workflows/ci.yml,2,,,"workflow_dispatch,push,pull_request"
docker,docker-credential-helpers,.github/workflows/build.yml,0,0,1230,public,master,branch,b7a754b9ffdf0e99e63ca384435bdacf4bc83e6b,commit,workflow,https://github.com/docker/docker-credential-helpers/blob/b7a754b9ffdf0e99e63ca384435bdacf4bc83e6b/.github/workflows/build.yml,5,,,"workflow_dispatch,push,pull_request"
docker,docker-gs-ping,.github/workflows/ci-cd.yml,1,0,37,public,main,branch,fbee2036cc90b84f87e8a95b7de2a1c4065c87c7,commit,workflow,https://github.com/docker/docker-gs-ping/blob/fbee2036cc90b84f87e8a95b7de2a1c4065c87c7/.github/workflows/ci-cd.yml,1,,,"push,pull_request"
docker,docker-gs-ping,.github/workflows/ci-smoketest.yml,1,0,37,public,main,branch,fbee2036cc90b84f87e8a95b7de2a1c4065c87c7,commit,workflow,https://github.com/docker/docker-gs-ping/blob/fbee2036cc90b84f87e8a95b7de2a1c4065c87c7/.github/workflows/ci-smoketest.yml,1,,,"push,workflow_dispatch"
docker,docker-install,.github/workflows/ci.yml,0,0,2887,public,master,branch,86415efcfe5f8d966625843da41a0f798238cce5,commit,workflow,https://github.com/docker/docker-install/blob/86415efcfe5f8d966625843da41a0f798238cce5/.github/workflows/ci.yml,2,,,"push,pull_request"
docker,docker-install,.github/workflows/diff.yml,0,0,2887,public,master,branch,86415efcfe5f8d966625843da41a0f798238cce5,commit,workflow,https://github.com/docker/docker-install/blob/86415efcfe5f8d966625843da41a0f798238cce5/.github/workflows/diff.yml,1,,,pull_request
docker,docker-language-server,.github/workflows/build.yml,0,0,105,public,main,branch,cb62b8b3710e81988521238c89232e95ef728111,commit,workflow,https://github.com/docker/docker-language-server/blob/cb62b8b3710e81988521238c89232e95ef728111/.github/workflows/build.yml,9,,,"push,pull_request,workflow_dispatch"
docker,docker-language-server,.github/workflows/prepare-release.yml,0,0,105,public,main,branch,cb62b8b3710e81988521238c89232e95ef728111,commit,workflow,https://github.com/docker/docker-language-server/blob/cb62b8b3710e81988521238c89232e95ef728111/.github/workflows/prepare-release.yml,1,,,workflow_dispatch
docker,docker-py,.github/workflows/ci.yml,0,0,7094,public,main,branch,65f7f0c772577beb5e2cd6daac4e5ca806ccc4af,commit,workflow,https://github.com/docker/docker-py/blob/65f7f0c772577beb5e2cd6daac4e5ca806ccc4af/.github/workflows/ci.yml,4,,,"push,pull_request"
docker,docker-py,.github/workflows/release.yml,0,0,7094,public,main,branch,65f7f0c772577beb5e2cd6daac4e5ca806ccc4af,commit,workflow,https://github.com/docker/docker-py/blob/65f7f0c772577beb5e2cd6daac4e5ca806ccc4af/.github/workflows/release.yml,1,,,workflow_dispatch
docker,docs,.github/workflows/build.yml,0,0,4416,public,main,branch,c0e404f003095c227899174950507d4cb998e357,commit,workflow,https://github.com/docker/docs/blob/c0e404f003095c227899174950507d4cb998e357/.github/workflows/build.yml,3,,,"push,pull_request"
docker,docs,.github/workflows/deploy.yml,0,0,4416,public,main,branch,c0e404f003095c227899174950507d4cb998e357,commit,workflow,https://github.com/docker/docs/blob/c0e404f003095c227899174950507d4cb998e357/.github/workflows/deploy.yml,1,,,"workflow_dispatch,push"
docker,docs,.github/workflows/labeler.yml,0,0,4416,public,main,branch,c0e404f003095c227899174950507d4cb998e357,commit,workflow,https://github.com/docker/docs/blob/c0e404f003095c227899174950507d4cb998e357/.github/workflows/labeler.yml,1,,,pull_request_target
docker,docs,.github/workflows/validate-upstream.yml,0,0,4416,public,main,branch,c0e404f003095c227899174950507d4cb998e357,commit,workflow,https://github.com/docker/docs/blob/c0e404f003095c227899174950507d4cb998e357/.github/workflows/validate-upstream.yml,1,,,workflow_call
docker,doi-image-policy,.github/workflows/test.yml,0,1,2,public,main,branch,a6f29fedeb8682fa26a269469717a8684146d77d,commit,workflow,https://github.com/docker/doi-image-policy/blob/a6f29fedeb8682fa26a269469717a8684146d77d/.github/workflows/test.yml,1,,,"push,pull_request,workflow_dispatch"
docker,envoy,.github/workflows/build-and-release.yaml,1,0,1,public,main,branch,67c9a89f3d19e8997e641c4ca54dfd396892d6bd,commit,workflow,https://github.com/docker/envoy/blob/67c9a89f3d19e8997e641c4ca54dfd396892d6bd/.github/workflows/build-and-release.yaml,1,,,"push,workflow_dispatch"
docker,eventsource,.github/workflows/build.yml,1,0,7,public,master,branch,a950a229dc730928df43abfd49f27391acbf52b4,commit,workflow,https://github.com/docker/eventsource/blob/a950a229dc730928df43abfd49f27391acbf52b4/.github/workflows/build.yml,1,,,"push,pull_request"
docker,extensions-sdk,.github/workflows/ci.yaml,0,0,151,public,main,branch,b2c3be9f7e1eb7051190ed4d658dc7212384b7fc,commit,workflow,https://github.com/docker/extensions-sdk/blob/b2c3be9f7e1eb7051190ed4d658dc7212384b7fc/.github/workflows/ci.yaml,2,,,"push,pull_request"
docker,extensions-submissions,.github/workflows/tos.yaml,0,0,11,public,main,branch,460fef63ab337fce96c413fb2b621f5cdf2df947,commit,workflow,https://github.com/docker/extensions-submissions/blob/460fef63ab337fce96c413fb2b621f5cdf2df947/.github/workflows/tos.yaml,7,,,"issues,issue_comment"
docker,extensions-submissions,.github/workflows/validation.yaml,0,0,11,public,main,branch,460fef63ab337fce96c413fb2b621f5cdf2df947,commit,workflow,https://github.com/docker/extensions-submissions/blob/460fef63ab337fce96c413fb2b621f5cdf2df947/.github/workflows/validation.yaml,7,,,workflow_call
docker,getting-started,.github/workflows/build.yml,0,0,3019,public,master,branch,bb1aed919a10b3e25a3576f4b74513ad2b039e4a,commit,workflow,https://github.com/docker/getting-started/blob/bb1aed919a10b3e25a3576f4b74513ad2b039e4a/.github/workflows/build.yml,1,,,"push,pull_request"
docker,ghaction-dump-context,.github/workflows/ci.yml,1,0,2,public,master,branch,5355a8e5e6ac5a302e746a1c4b7747a0393863c8,commit,workflow,https://github.com/docker/ghaction-dump-context/blob/5355a8e5e6ac5a302e746a1c4b7747a0393863c8/.github/workflows/ci.yml,1,,,"workflow_dispatch,push,pull_request"
docker,ghaction-dump-context,.github/workflows/labels.yml,1,0,2,public,master,branch,5355a8e5e6ac5a302e746a1c4b7747a0393863c8,commit,workflow,https://github.com/docker/ghaction-dump-context/blob/5355a8e5e6ac5a302e746a1c4b7747a0393863c8/.github/workflows/labels.yml,1,,,"push,pull_request"
docker,ghaction-dump-context,./action.yml,1,0,2,public,master,branch,5355a8e5e6ac5a302e746a1c4b7747a0393863c8,commit,action,https://github.com/docker/ghaction-dump-context/blob/5355a8e5e6ac5a302e746a1c4b7747a0393863c8/./action.yml,1,,,
docker,go-connections,.github/workflows/test.yml,0,0,228,public,main,branch,c296721c0d56d3acad2973376ded214103a4fd2e,commit,workflow,https://github.com/docker/go-connections/blob/c296721c0d56d3acad2973376ded214103a4fd2e/.github/workflows/test.yml,3,,,"push,pull_request"
docker,go-containerregistry,.github/workflows/analyze.yaml,1,0,3,public,main,branch,b4625a059fbebc45bfe8df53e19fac2778910f6d,commit,workflow,https://github.com/docker/go-containerregistry/blob/b4625a059fbebc45bfe8df53e19fac2778910f6d/.github/workflows/analyze.yaml,1,,,"workflow_dispatch,push,pull_request"
docker,go-containerregistry,.github/workflows/boilerplate.yaml,1,0,3,public,main,branch,b4625a059fbebc45bfe8df53e19fac2778910f6d,commit,workflow,https://github.com/docker/go-containerregistry/blob/b4625a059fbebc45bfe8df53e19fac2778910f6d/.github/workflows/boilerplate.yaml,1,,,pull_request
docker,go-containerregistry,.github/workflows/build.yaml,1,0,3,public,main,branch,b4625a059fbebc45bfe8df53e19fac2778910f6d,commit,workflow,https://github.com/docker/go-containerregistry/blob/b4625a059fbebc45bfe8df53e19fac2778910f6d/.github/workflows/build.yaml,1,,,pull_request
docker,go-containerregistry,.github/workflows/bump-deps.yaml,1,0,3,public,main,branch,b4625a059fbebc45bfe8df53e19fac2778910f6d,commit,workflow,https://github.com/docker/go-containerregistry/blob/b4625a059fbebc45bfe8df53e19fac2778910f6d/.github/workflows/bump-deps.yaml,1,,,"schedule,workflow_dispatch"
docker,go-containerregistry,.github/workflows/donotsubmit.yaml,1,0,3,public,main,branch,b4625a059fbebc45bfe8df53e19fac2778910f6d,commit,workflow,https://github.com/docker/go-containerregistry/blob/b4625a059fbebc45bfe8df53e19fac2778910f6d/.github/workflows/donotsubmit.yaml,1,,,pull_request
docker,go-containerregistry,.github/workflows/e2e.yaml,1,0,3,public,main,branch,b4625a059fbebc45bfe8df53e19fac2778910f6d,commit,workflow,https://github.com/docker/go-containerregistry/blob/b4625a059fbebc45bfe8df53e19fac2778910f6d/.github/workflows/e2e.yaml,1,,,pull_request
docker,go-containerregistry,.github/workflows/ecr-auth.yaml,1,0,3,public,main,branch,b4625a059fbebc45bfe8df53e19fac2778910f6d,commit,workflow,https://github.com/docker/go-containerregistry/blob/b4625a059fbebc45bfe8df53e19fac2778910f6d/.github/workflows/ecr-auth.yaml,2,,,pull_request_target
docker,go-containerregistry,.github/workflows/ghcr-auth.yaml,1,0,3,public,main,branch,b4625a059fbebc45bfe8df53e19fac2778910f6d,commit,workflow,https://github.com/docker/go-containerregistry/blob/b4625a059fbebc45bfe8df53e19fac2778910f6d/.github/workflows/ghcr-auth.yaml,1,,,"pull_request_target,push"
docker,go-containerregistry,.github/workflows/presubmit.yaml,1,0,3,public,main,branch,b4625a059fbebc45bfe8df53e19fac2778910f6d,commit,workflow,https://github.com/docker/go-containerregistry/blob/b4625a059fbebc45bfe8df53e19fac2778910f6d/.github/workflows/presubmit.yaml,1,,,"push,pull_request"
docker,go-containerregistry,.github/workflows/release.yml,1,0,3,public,main,branch,b4625a059fbebc45bfe8df53e19fac2778910f6d,commit,workflow,https://github.com/docker/go-containerregistry/blob/b4625a059fbebc45bfe8df53e19fac2778910f6d/.github/workflows/release.yml,3,,,push
docker,go-containerregistry,.github/workflows/stale.yaml,1,0,3,public,main,branch,b4625a059fbebc45bfe8df53e19fac2778910f6d,commit,workflow,https://github.com/docker/go-containerregistry/blob/b4625a059fbebc45bfe8df53e19fac2778910f6d/.github/workflows/stale.yaml,1,,,schedule
docker,go-containerregistry,.github/workflows/style.yaml,1,0,3,public,main,branch,b4625a059fbebc45bfe8df53e19fac2778910f6d,commit,workflow,https://github.com/docker/go-containerregistry/blob/b4625a059fbebc45bfe8df53e19fac2778910f6d/.github/workflows/style.yaml,2,,,pull_request
docker,go-containerregistry,.github/workflows/test.yaml,1,0,3,public,main,branch,b4625a059fbebc45bfe8df53e19fac2778910f6d,commit,workflow,https://github.com/docker/go-containerregistry/blob/b4625a059fbebc45bfe8df53e19fac2778910f6d/.github/workflows/test.yaml,1,,,"push,pull_request"
docker,go-events,.github/workflows/ci.yml,0,0,134,public,main,branch,605354379745b6c8c77a74b63d5efac4769a11fd,commit,workflow,https://github.com/docker/go-events/blob/605354379745b6c8c77a74b63d5efac4769a11fd/.github/workflows/ci.yml,3,,,"workflow_dispatch,push,pull_request"
docker,go-events,.github/workflows/codeql.yml,0,0,134,public,main,branch,605354379745b6c8c77a74b63d5efac4769a11fd,commit,workflow,https://github.com/docker/go-events/blob/605354379745b6c8c77a74b63d5efac4769a11fd/.github/workflows/codeql.yml,1,,,"push,pull_request,schedule"
docker,go-imageinspect,.github/workflows/ci.yml,0,0,15,public,main,branch,e405fbd0dd06cd547c60f0269642e0a3bed14e94,commit,workflow,https://github.com/docker/go-imageinspect/blob/e405fbd0dd06cd547c60f0269642e0a3bed14e94/.github/workflows/ci.yml,2,,,"push,pull_request"
docker,go-plugins-helpers,.github/workflows/ci.yaml,0,0,342,public,main,branch,45e2431495c83b9ca1c2a669987d6e1afad07774,commit,workflow,https://github.com/docker/go-plugins-helpers/blob/45e2431495c83b9ca1c2a669987d6e1afad07774/.github/workflows/ci.yaml,1,,,"push,pull_request"
docker,go-sdk,.github/workflows/ci-benchmarks.yml,0,0,52,public,main,branch,009435f998418800006e2dda0e1a9184ff70f9d5,commit,workflow,https://github.com/docker/go-sdk/blob/009435f998418800006e2dda0e1a9184ff70f9d5/.github/workflows/ci-benchmarks.yml,1,,,workflow_call
docker,go-sdk,.github/workflows/ci-lint-go.yml,0,0,52,public,main,branch,009435f998418800006e2dda0e1a9184ff70f9d5,commit,workflow,https://github.com/docker/go-sdk/blob/009435f998418800006e2dda0e1a9184ff70f9d5/.github/workflows/ci-lint-go.yml,1,,,workflow_call
docker,go-sdk,.github/workflows/ci-test-go.yml,0,0,52,public,main,branch,009435f998418800006e2dda0e1a9184ff70f9d5,commit,workflow,https://github.com/docker/go-sdk/blob/009435f998418800006e2dda0e1a9184ff70f9d5/.github/workflows/ci-test-go.yml,1,,,workflow_call
docker,go-sdk,.github/workflows/ci.yml,0,0,52,public,main,branch,009435f998418800006e2dda0e1a9184ff70f9d5,commit,workflow,https://github.com/docker/go-sdk/blob/009435f998418800006e2dda0e1a9184ff70f9d5/.github/workflows/ci.yml,5,,,"push,pull_request"
docker,go-sdk,.github/workflows/conventions.yml,0,0,52,public,main,branch,009435f998418800006e2dda0e1a9184ff70f9d5,commit,workflow,https://github.com/docker/go-sdk/blob/009435f998418800006e2dda0e1a9184ff70f9d5/.github/workflows/conventions.yml,1,,,pull_request_target
docker,go-sdk,.github/workflows/release-drafter.yml,0,0,52,public,main,branch,009435f998418800006e2dda0e1a9184ff70f9d5,commit,workflow,https://github.com/docker/go-sdk/blob/009435f998418800006e2dda0e1a9184ff70f9d5/.github/workflows/release-drafter.yml,2,,,push
docker,go-sdk,.github/workflows/release-module.yml,0,0,52,public,main,branch,009435f998418800006e2dda0e1a9184ff70f9d5,commit,workflow,https://github.com/docker/go-sdk/blob/009435f998418800006e2dda0e1a9184ff70f9d5/.github/workflows/release-module.yml,1,,,workflow_dispatch
docker,go-sdk,.github/workflows/release-modules.yml,0,0,52,public,main,branch,009435f998418800006e2dda0e1a9184ff70f9d5,commit,workflow,https://github.com/docker/go-sdk/blob/009435f998418800006e2dda0e1a9184ff70f9d5/.github/workflows/release-modules.yml,1,,,workflow_dispatch
docker,go-sdk,.github/workflows/sonar-bulk-operations.yml,0,0,52,public,main,branch,009435f998418800006e2dda0e1a9184ff70f9d5,commit,workflow,https://github.com/docker/go-sdk/blob/009435f998418800006e2dda0e1a9184ff70f9d5/.github/workflows/sonar-bulk-operations.yml,1,,,workflow_dispatch
docker,go-sdk,.github/workflows/sonar-create-project.yml,0,0,52,public,main,branch,009435f998418800006e2dda0e1a9184ff70f9d5,commit,workflow,https://github.com/docker/go-sdk/blob/009435f998418800006e2dda0e1a9184ff70f9d5/.github/workflows/sonar-create-project.yml,1,,,workflow_dispatch
docker,go-sdk,.github/workflows/sonar-delete-project.yml,0,0,52,public,main,branch,009435f998418800006e2dda0e1a9184ff70f9d5,commit,workflow,https://github.com/docker/go-sdk/blob/009435f998418800006e2dda0e1a9184ff70f9d5/.github/workflows/sonar-delete-project.yml,1,,,workflow_dispatch
docker,go-tuf-mirror,.github/workflows/release-drafter.yml,0,1,4,public,main,branch,6cb12d389865b1c179abfe5156a0703f29a3063c,commit,workflow,https://github.com/docker/go-tuf-mirror/blob/6cb12d389865b1c179abfe5156a0703f29a3063c/.github/workflows/release-drafter.yml,1,,,"push,pull_request"
docker,go-tuf-mirror,.github/workflows/release.yml,0,1,4,public,main,branch,6cb12d389865b1c179abfe5156a0703f29a3063c,commit,workflow,https://github.com/docker/go-tuf-mirror/blob/6cb12d389865b1c179abfe5156a0703f29a3063c/.github/workflows/release.yml,1,,,release
docker,go-tuf-mirror,.github/workflows/test.yml,0,1,4,public,main,branch,6cb12d389865b1c179abfe5156a0703f29a3063c,commit,workflow,https://github.com/docker/go-tuf-mirror/blob/6cb12d389865b1c179abfe5156a0703f29a3063c/.github/workflows/test.yml,1,,,"push,pull_request,workflow_dispatch"
docker,go-winio,.github/workflows/ci.yml,1,0,2,public,main,branch,2fc31b79aab43dca849dcbd8cd8072a6aa9f1008,commit,workflow,https://github.com/docker/go-winio/blob/2fc31b79aab43dca849dcbd8cd8072a6aa9f1008/.github/workflows/ci.yml,4,,,"push,pull_request"
docker,hello-genai,.github/workflows/smoke-tests.yml,0,0,140,public,main,branch,01cb89a531e807520dcd3d228c53e59d63f39d8a,commit,workflow,https://github.com/docker/hello-genai/blob/01cb89a531e807520dcd3d228c53e59d63f39d8a/.github/workflows/smoke-tests.yml,1,,,"push,pull_request"
docker,hub-feedback,.github/workflows/issues_bot.yml,0,0,240,public,main,branch,304d7ef8b7f2907158697b6511aa68621ac86c3f,commit,workflow,https://github.com/docker/hub-feedback/blob/304d7ef8b7f2907158697b6511aa68621ac86c3f/.github/workflows/issues_bot.yml,1,,,schedule
docker,hub-feedback,.github/workflows/set_new_label_and_comment.yml,0,0,240,public,main,branch,304d7ef8b7f2907158697b6511aa68621ac86c3f,commit,workflow,https://github.com/docker/hub-feedback/blob/304d7ef8b7f2907158697b6511aa68621ac86c3f/.github/workflows/set_new_label_and_comment.yml,1,,,issues
docker,hub-mcp,.github/workflows/lint.yml,0,0,76,public,main,branch,efa0035c49074953e64ad5c89a3404e252b2703c,commit,workflow,https://github.com/docker/hub-mcp/blob/efa0035c49074953e64ad5c89a3404e252b2703c/.github/workflows/lint.yml,1,,,pull_request
docker,hub-mcp,.github/workflows/release.yml,0,0,76,public,main,branch,efa0035c49074953e64ad5c89a3404e252b2703c,commit,workflow,https://github.com/docker/hub-mcp/blob/efa0035c49074953e64ad5c89a3404e252b2703c/.github/workflows/release.yml,1,,,"push,workflow_dispatch"
docker,hub-mcp,.github/workflows/scorecard.yml,0,0,76,public,main,branch,efa0035c49074953e64ad5c89a3404e252b2703c,commit,workflow,https://github.com/docker/hub-mcp/blob/efa0035c49074953e64ad5c89a3404e252b2703c/.github/workflows/scorecard.yml,1,,,"branch_protection_rule,schedule,push"
docker,hub-mcp,.github/workflows/tools-list.yml,0,0,76,public,main,branch,efa0035c49074953e64ad5c89a3404e252b2703c,commit,workflow,https://github.com/docker/hub-mcp/blob/efa0035c49074953e64ad5c89a3404e252b2703c/.github/workflows/tools-list.yml,1,,,pull_request
docker,hub-tool,.github/workflows/build-pr.yml,0,0,360,public,main,branch,74bc560cdbc56bd232c49033c2f37194b7b40e62,commit,workflow,https://github.com/docker/hub-tool/blob/74bc560cdbc56bd232c49033c2f37194b7b40e62/.github/workflows/build-pr.yml,2,,,pull_request
docker,hub-tool,.github/workflows/release-weekly-build.yml,0,0,360,public,main,branch,74bc560cdbc56bd232c49033c2f37194b7b40e62,commit,workflow,https://github.com/docker/hub-tool/blob/74bc560cdbc56bd232c49033c2f37194b7b40e62/.github/workflows/release-weekly-build.yml,4,,,"schedule,workflow_dispatch"
docker,inference-engine-vllm,.github/workflows/build.yml,0,0,2,public,main,branch,1825fc802ecb14314a13c7cea898ec97328989ff,commit,workflow,https://github.com/docker/inference-engine-vllm/blob/1825fc802ecb14314a13c7cea898ec97328989ff/.github/workflows/build.yml,2,,,"push,pull_request,workflow_dispatch"
docker,kind,.github/workflows/docker.yaml,1,0,2,public,main,branch,b25a6ed649a1707e2ea78d9b5c2ddc23d42127da,commit,workflow,https://github.com/docker/kind/blob/b25a6ed649a1707e2ea78d9b5c2ddc23d42127da/.github/workflows/docker.yaml,1,,,"workflow_dispatch,pull_request"
docker,kind,.github/workflows/nerdctl.yaml,1,0,2,public,main,branch,b25a6ed649a1707e2ea78d9b5c2ddc23d42127da,commit,workflow,https://github.com/docker/kind/blob/b25a6ed649a1707e2ea78d9b5c2ddc23d42127da/.github/workflows/nerdctl.yaml,1,,,"workflow_dispatch,pull_request"
docker,kind,.github/workflows/podman.yml,1,0,2,public,main,branch,b25a6ed649a1707e2ea78d9b5c2ddc23d42127da,commit,workflow,https://github.com/docker/kind/blob/b25a6ed649a1707e2ea78d9b5c2ddc23d42127da/.github/workflows/podman.yml,1,,,"workflow_dispatch,pull_request"
docker,kind,.github/workflows/vm.yaml,1,0,2,public,main,branch,b25a6ed649a1707e2ea78d9b5c2ddc23d42127da,commit,workflow,https://github.com/docker/kind/blob/b25a6ed649a1707e2ea78d9b5c2ddc23d42127da/.github/workflows/vm.yaml,1,,,"workflow_dispatch,pull_request"
docker,kind,.github/actions/setup-env/action.yaml,1,0,2,public,main,branch,b25a6ed649a1707e2ea78d9b5c2ddc23d42127da,commit,action,https://github.com/docker/kind/blob/b25a6ed649a1707e2ea78d9b5c2ddc23d42127da/.github/actions/setup-env/action.yaml,1,,,
docker,labs-ai-tools-for-devs,.github/workflows/extension.yml,0,0,356,public,main,branch,5f84f06cdcd8a44ab24a8e4bc7ae7284c58b7518,commit,workflow,https://github.com/docker/labs-ai-tools-for-devs/blob/5f84f06cdcd8a44ab24a8e4bc7ae7284c58b7518/.github/workflows/extension.yml,1,,,release
docker,labs-ai-tools-for-devs,.github/workflows/prompts-docker.yml,0,0,356,public,main,branch,5f84f06cdcd8a44ab24a8e4bc7ae7284c58b7518,commit,workflow,https://github.com/docker/labs-ai-tools-for-devs/blob/5f84f06cdcd8a44ab24a8e4bc7ae7284c58b7518/.github/workflows/prompts-docker.yml,1,,,push
docker,labs-ai-tools-for-devs,.github/workflows/test-extension.yml,0,0,356,public,main,branch,5f84f06cdcd8a44ab24a8e4bc7ae7284c58b7518,commit,workflow,https://github.com/docker/labs-ai-tools-for-devs/blob/5f84f06cdcd8a44ab24a8e4bc7ae7284c58b7518/.github/workflows/test-extension.yml,1,,,push
docker,labs-ai-tools-vscode,.github/workflows/build-release.yml,0,0,96,public,main,branch,ead8023a944b45fbdb2eeb0d659a7f0812bfdb2f,commit,workflow,https://github.com/docker/labs-ai-tools-vscode/blob/ead8023a944b45fbdb2eeb0d659a7f0812bfdb2f/.github/workflows/build-release.yml,1,,,release
docker,labs-ai-tools-vscode,.github/workflows/extension-tests.yml,0,0,96,public,main,branch,ead8023a944b45fbdb2eeb0d659a7f0812bfdb2f,commit,workflow,https://github.com/docker/labs-ai-tools-vscode/blob/ead8023a944b45fbdb2eeb0d659a7f0812bfdb2f/.github/workflows/extension-tests.yml,1,,,"push,pull_request"
docker,labs-tape,.github/workflows/ci.yaml,0,0,9,public,main,branch,5bcb16e9cee6d2fc798817b2b10698abbc9bc9be,commit,workflow,https://github.com/docker/labs-tape/blob/5bcb16e9cee6d2fc798817b2b10698abbc9bc9be/.github/workflows/ci.yaml,1,,,"pull_request,push"
docker,libkv,.github/workflows/dummy.yml,0,0,855,public,master,branch,dfacc563de57ee17ca54bb3b6b2a004454f3ce41,commit,workflow,https://github.com/docker/libkv/blob/dfacc563de57ee17ca54bb3b6b2a004454f3ce41/.github/workflows/dummy.yml,1,,,"workflow_dispatch,push,pull_request"
docker,login-action,.github/workflows/ci.yml,0,0,1285,public,master,branch,28fdb31ff34708d19615a74d67103ddc2ea9725c,commit,workflow,https://github.com/docker/login-action/blob/28fdb31ff34708d19615a74d67103ddc2ea9725c/.github/workflows/ci.yml,16,,,"workflow_dispatch,schedule,push"
docker,login-action,.github/workflows/codeql.yml,0,0,1285,public,master,branch,28fdb31ff34708d19615a74d67103ddc2ea9725c,commit,workflow,https://github.com/docker/login-action/blob/28fdb31ff34708d19615a74d67103ddc2ea9725c/.github/workflows/codeql.yml,1,,,"push,pull_request"
docker,login-action,.github/workflows/pr-assign-author.yml,0,0,1285,public,master,branch,28fdb31ff34708d19615a74d67103ddc2ea9725c,commit,workflow,https://github.com/docker/login-action/blob/28fdb31ff34708d19615a74d67103ddc2ea9725c/.github/workflows/pr-assign-author.yml,1,,,pull_request_target
docker,login-action,.github/workflows/publish.yml,0,0,1285,public,master,branch,28fdb31ff34708d19615a74d67103ddc2ea9725c,commit,workflow,https://github.com/docker/login-action/blob/28fdb31ff34708d19615a74d67103ddc2ea9725c/.github/workflows/publish.yml,1,,,release
docker,login-action,.github/workflows/test.yml,0,0,1285,public,master,branch,28fdb31ff34708d19615a74d67103ddc2ea9725c,commit,workflow,https://github.com/docker/login-action/blob/28fdb31ff34708d19615a74d67103ddc2ea9725c/.github/workflows/test.yml,1,,,"push,pull_request"
docker,login-action,.github/workflows/validate.yml,0,0,1285,public,master,branch,28fdb31ff34708d19615a74d67103ddc2ea9725c,commit,workflow,https://github.com/docker/login-action/blob/28fdb31ff34708d19615a74d67103ddc2ea9725c/.github/workflows/validate.yml,2,,,"push,pull_request"
docker,login-action,./action.yml,0,0,1285,public,master,branch,28fdb31ff34708d19615a74d67103ddc2ea9725c,commit,action,https://github.com/docker/login-action/blob/28fdb31ff34708d19615a74d67103ddc2ea9725c/./action.yml,1,,,
docker,mcp-community-registry,.github/workflows/ci.yml,1,0,1,public,main,branch,9256f2ad5da6133740d7656299c4a5d1861b21c9,commit,workflow,https://github.com/docker/mcp-community-registry/blob/9256f2ad5da6133740d7656299c4a5d1861b21c9/.github/workflows/ci.yml,2,,,"push,pull_request"
docker,mcp-community-registry,.github/workflows/claude.yml,1,0,1,public,main,branch,9256f2ad5da6133740d7656299c4a5d1861b21c9,commit,workflow,https://github.com/docker/mcp-community-registry/blob/9256f2ad5da6133740d7656299c4a5d1861b21c9/.github/workflows/claude.yml,1,,,"issue_comment,pull_request_review_comment,issues,pull_request_review"
docker,mcp-community-registry,.github/workflows/deploy.yml,1,0,1,public,main,branch,9256f2ad5da6133740d7656299c4a5d1861b21c9,commit,workflow,https://github.com/docker/mcp-community-registry/blob/9256f2ad5da6133740d7656299c4a5d1861b21c9/.github/workflows/deploy.yml,3,,,push
docker,mcp-community-registry,.github/workflows/release.yml,1,0,1,public,main,branch,9256f2ad5da6133740d7656299c4a5d1861b21c9,commit,workflow,https://github.com/docker/mcp-community-registry/blob/9256f2ad5da6133740d7656299c4a5d1861b21c9/.github/workflows/release.yml,2,,,release
docker,mcp-gateway,.github/workflows/ci.yml,0,0,823,public,main,branch,f316d03840a597b082cc21745c48f7a23e5c9a62,commit,workflow,https://github.com/docker/mcp-gateway/blob/f316d03840a597b082cc21745c48f7a23e5c9a62/.github/workflows/ci.yml,1,,,pull_request
docker,mcp-gateway,.github/workflows/main.yml,0,0,823,public,main,branch,f316d03840a597b082cc21745c48f7a23e5c9a62,commit,workflow,https://github.com/docker/mcp-gateway/blob/f316d03840a597b082cc21745c48f7a23e5c9a62/.github/workflows/main.yml,1,,,push
docker,mcp-gateway,.github/workflows/validate.yml,0,0,823,public,main,branch,f316d03840a597b082cc21745c48f7a23e5c9a62,commit,workflow,https://github.com/docker/mcp-gateway/blob/f316d03840a597b082cc21745c48f7a23e5c9a62/.github/workflows/validate.yml,2,,,"workflow_dispatch,push,pull_request"
docker,mcp-gateway-oauth-helpers,.github/workflows/ci.yml,0,0,1,public,main,branch,c15705dfe5a0d5aa1ad62f9f889d27e587dac995,commit,workflow,https://github.com/docker/mcp-gateway-oauth-helpers/blob/c15705dfe5a0d5aa1ad62f9f889d27e587dac995/.github/workflows/ci.yml,2,,,"pull_request,push"
docker,mcp-inspector,.github/workflows/main.yml,1,0,33,public,main,branch,eb705399584b0e78564be968cdc52be3be5371f0,commit,workflow,https://github.com/docker/mcp-inspector/blob/eb705399584b0e78564be968cdc52be3be5371f0/.github/workflows/main.yml,2,,,"push,pull_request,release"
docker,mcp-registry,.github/workflows/ci.yaml,0,0,281,public,main,branch,286c1cb8cc73edf9d72f763e3f468609d857f0b1,commit,workflow,https://github.com/docker/mcp-registry/blob/286c1cb8cc73edf9d72f763e3f468609d857f0b1/.github/workflows/ci.yaml,1,,,pull_request
docker,metadata-action,.github/workflows/ci.yml,0,0,1044,public,master,branch,032a4b3bda1b716928481836ac5bfe36e1feaad6,commit,workflow,https://github.com/docker/metadata-action/blob/032a4b3bda1b716928481836ac5bfe36e1feaad6/.github/workflows/ci.yml,20,,,"schedule,push,pull_request"
docker,metadata-action,.github/workflows/pr-assign-author.yml,0,0,1044,public,master,branch,032a4b3bda1b716928481836ac5bfe36e1feaad6,commit,workflow,https://github.com/docker/metadata-action/blob/032a4b3bda1b716928481836ac5bfe36e1feaad6/.github/workflows/pr-assign-author.yml,1,,,pull_request_target
docker,metadata-action,.github/workflows/publish.yml,0,0,1044,public,master,branch,032a4b3bda1b716928481836ac5bfe36e1feaad6,commit,workflow,https://github.com/docker/metadata-action/blob/032a4b3bda1b716928481836ac5bfe36e1feaad6/.github/workflows/publish.yml,1,,,release
docker,metadata-action,.github/workflows/test.yml,0,0,1044,public,master,branch,032a4b3bda1b716928481836ac5bfe36e1feaad6,commit,workflow,https://github.com/docker/metadata-action/blob/032a4b3bda1b716928481836ac5bfe36e1feaad6/.github/workflows/test.yml,1,,,"push,pull_request"
docker,metadata-action,.github/workflows/validate.yml,0,0,1044,public,master,branch,032a4b3bda1b716928481836ac5bfe36e1feaad6,commit,workflow,https://github.com/docker/metadata-action/blob/032a4b3bda1b716928481836ac5bfe36e1feaad6/.github/workflows/validate.yml,2,,,"push,pull_request"
docker,metadata-action,./action.yml,0,0,1044,public,master,branch,032a4b3bda1b716928481836ac5bfe36e1feaad6,commit,action,https://github.com/docker/metadata-action/blob/032a4b3bda1b716928481836ac5bfe36e1feaad6/./action.yml,1,,,
docker,model-cards,.github/workflows/publish-model-card.yml,0,0,8,public,main,branch,cee6b3258d4009f9ec56a754fb26d10708b22df8,commit,workflow,https://github.com/docker/model-cards/blob/cee6b3258d4009f9ec56a754fb26d10708b22df8/.github/workflows/publish-model-card.yml,1,,,workflow_dispatch
docker,model-cli,.github/workflows/build.yml,0,1,33,public,main,branch,b16c59b3d07b70451072007e887266480503e67c,commit,workflow,https://github.com/docker/model-cli/blob/b16c59b3d07b70451072007e887266480503e67c/.github/workflows/build.yml,1,,,"push,pull_request,workflow_dispatch"
docker,model-cli,.github/workflows/validate.yml,0,1,33,public,main,branch,b16c59b3d07b70451072007e887266480503e67c,commit,workflow,https://github.com/docker/model-cli/blob/b16c59b3d07b70451072007e887266480503e67c/.github/workflows/validate.yml,2,,,"workflow_dispatch,push,pull_request"
docker,model-distribution,.github/workflows/ci.yml,0,1,24,public,main,branch,c9b8f36a9043b5c41fc0b78f28615c3d2bb0265b,commit,workflow,https://github.com/docker/model-distribution/blob/c9b8f36a9043b5c41fc0b78f28615c3d2bb0265b/.github/workflows/ci.yml,1,,,"push,pull_request"
docker,model-distribution,.github/workflows/verify-registry-push-pull.yml,0,1,24,public,main,branch,c9b8f36a9043b5c41fc0b78f28615c3d2bb0265b,commit,workflow,https://github.com/docker/model-distribution/blob/c9b8f36a9043b5c41fc0b78f28615c3d2bb0265b/.github/workflows/verify-registry-push-pull.yml,2,,,workflow_dispatch
docker,model-runner,.github/workflows/ci.yml,0,0,168,public,main,branch,1f7eb6d3db6cd7662bf2a1e418e69659d487b9c3,commit,workflow,https://github.com/docker/model-runner/blob/1f7eb6d3db6cd7662bf2a1e418e69659d487b9c3/.github/workflows/ci.yml,1,,,"pull_request,push"
docker,model-runner,.github/workflows/cli-build.yml,0,0,168,public,main,branch,1f7eb6d3db6cd7662bf2a1e418e69659d487b9c3,commit,workflow,https://github.com/docker/model-runner/blob/1f7eb6d3db6cd7662bf2a1e418e69659d487b9c3/.github/workflows/cli-build.yml,1,,,"push,pull_request,workflow_dispatch"
docker,model-runner,.github/workflows/cli-validate.yml,0,0,168,public,main,branch,1f7eb6d3db6cd7662bf2a1e418e69659d487b9c3,commit,workflow,https://github.com/docker/model-runner/blob/1f7eb6d3db6cd7662bf2a1e418e69659d487b9c3/.github/workflows/cli-validate.yml,2,,,"workflow_dispatch,push,pull_request"
docker,model-runner,.github/workflows/dmr-daily-check.yml,0,0,168,public,main,branch,1f7eb6d3db6cd7662bf2a1e418e69659d487b9c3,commit,workflow,https://github.com/docker/model-runner/blob/1f7eb6d3db6cd7662bf2a1e418e69659d487b9c3/.github/workflows/dmr-daily-check.yml,1,,,"schedule,workflow_dispatch"
docker,model-runner,.github/workflows/release.yml,0,0,168,public,main,branch,1f7eb6d3db6cd7662bf2a1e418e69659d487b9c3,commit,workflow,https://github.com/docker/model-runner/blob/1f7eb6d3db6cd7662bf2a1e418e69659d487b9c3/.github/workflows/release.yml,2,,,workflow_dispatch
docker,node-sdk,.github/workflows/ci.yml,0,0,32,public,main,branch,c64e24681b3db9622c5f4100d86887d3c26c8925,commit,workflow,https://github.com/docker/node-sdk/blob/c64e24681b3db9622c5f4100d86887d3c26c8925/.github/workflows/ci.yml,3,,,"push,pull_request"
docker,node-sdk,.github/workflows/release.yml,0,0,32,public,main,branch,c64e24681b3db9622c5f4100d86887d3c26c8925,commit,workflow,https://github.com/docker/node-sdk/blob/c64e24681b3db9622c5f4100d86887d3c26c8925/.github/workflows/release.yml,1,,,push
docker,node-sdk-legacy,.github/workflows/main.yml,0,1,115,public,main,branch,e224ebd6c4ea4c4d71bd173635015efa00d8b860,commit,workflow,https://github.com/docker/node-sdk-legacy/blob/e224ebd6c4ea4c4d71bd173635015efa00d8b860/.github/workflows/main.yml,1,,,"push,pull_request"
docker,node-sdk-legacy,.github/workflows/release.yml,0,1,115,public,main,branch,e224ebd6c4ea4c4d71bd173635015efa00d8b860,commit,workflow,https://github.com/docker/node-sdk-legacy/blob/e224ebd6c4ea4c4d71bd173635015efa00d8b860/.github/workflows/release.yml,1,,,push
docker,notary-official-images,.github/workflows/ci.yml,0,0,16,public,master,branch,6f17ffbcfd207a1783f20b65ba85d9577c84214f,commit,workflow,https://github.com/docker/notary-official-images/blob/6f17ffbcfd207a1783f20b65ba85d9577c84214f/.github/workflows/ci.yml,1,,,"pull_request,push"
docker,octoguard,.github/workflows/octoguard.yml,0,0,6,public,main,branch,5026ef5da09df2b11f218fd72889a601ab0181ea,commit,workflow,https://github.com/docker/octoguard/blob/5026ef5da09df2b11f218fd72889a601ab0181ea/.github/workflows/octoguard.yml,1,,,"workflow_call,workflow_dispatch,pull_request,push"
docker,packaging,.github/workflows/.build.yml,0,0,28,public,main,branch,ebebfecc959223256807792ba69dfed110cb5d17,commit,workflow,https://github.com/docker/packaging/blob/ebebfecc959223256807792ba69dfed110cb5d17/.github/workflows/.build.yml,3,,,workflow_call
docker,packaging,.github/workflows/build-buildx.yml,0,0,28,public,main,branch,ebebfecc959223256807792ba69dfed110cb5d17,commit,workflow,https://github.com/docker/packaging/blob/ebebfecc959223256807792ba69dfed110cb5d17/.github/workflows/build-buildx.yml,1,,,"push,pull_request"
docker,packaging,.github/workflows/build-compose.yml,0,0,28,public,main,branch,ebebfecc959223256807792ba69dfed110cb5d17,commit,workflow,https://github.com/docker/packaging/blob/ebebfecc959223256807792ba69dfed110cb5d17/.github/workflows/build-compose.yml,1,,,"push,pull_request"
docker,packaging,.github/workflows/build-containerd.yml,0,0,28,public,main,branch,ebebfecc959223256807792ba69dfed110cb5d17,commit,workflow,https://github.com/docker/packaging/blob/ebebfecc959223256807792ba69dfed110cb5d17/.github/workflows/build-containerd.yml,1,,,"push,pull_request"
docker,packaging,.github/workflows/build-credential-helpers.yml,0,0,28,public,main,branch,ebebfecc959223256807792ba69dfed110cb5d17,commit,workflow,https://github.com/docker/packaging/blob/ebebfecc959223256807792ba69dfed110cb5d17/.github/workflows/build-credential-helpers.yml,1,,,"push,pull_request"
docker,packaging,.github/workflows/build-docker-cli.yml,0,0,28,public,main,branch,ebebfecc959223256807792ba69dfed110cb5d17,commit,workflow,https://github.com/docker/packaging/blob/ebebfecc959223256807792ba69dfed110cb5d17/.github/workflows/build-docker-cli.yml,1,,,"push,pull_request"
docker,packaging,.github/workflows/build-docker-engine.yml,0,0,28,public,main,branch,ebebfecc959223256807792ba69dfed110cb5d17,commit,workflow,https://github.com/docker/packaging/blob/ebebfecc959223256807792ba69dfed110cb5d17/.github/workflows/build-docker-engine.yml,1,,,"push,pull_request"
docker,packaging,.github/workflows/build-model.yml,0,0,28,public,main,branch,ebebfecc959223256807792ba69dfed110cb5d17,commit,workflow,https://github.com/docker/packaging/blob/ebebfecc959223256807792ba69dfed110cb5d17/.github/workflows/build-model.yml,1,,,"push,pull_request"
docker,packaging,.github/workflows/labeler.yml,0,0,28,public,main,branch,ebebfecc959223256807792ba69dfed110cb5d17,commit,workflow,https://github.com/docker/packaging/blob/ebebfecc959223256807792ba69dfed110cb5d17/.github/workflows/labeler.yml,1,,,pull_request_target
docker,packaging,.github/workflows/nightly.yml,0,0,28,public,main,branch,ebebfecc959223256807792ba69dfed110cb5d17,commit,workflow,https://github.com/docker/packaging/blob/ebebfecc959223256807792ba69dfed110cb5d17/.github/workflows/nightly.yml,2,,,"workflow_dispatch,schedule"
docker,packaging,.github/workflows/release-buildx.yml,0,0,28,public,main,branch,ebebfecc959223256807792ba69dfed110cb5d17,commit,workflow,https://github.com/docker/packaging/blob/ebebfecc959223256807792ba69dfed110cb5d17/.github/workflows/release-buildx.yml,1,,,workflow_dispatch
docker,packaging,.github/workflows/release-compose.yml,0,0,28,public,main,branch,ebebfecc959223256807792ba69dfed110cb5d17,commit,workflow,https://github.com/docker/packaging/blob/ebebfecc959223256807792ba69dfed110cb5d17/.github/workflows/release-compose.yml,1,,,workflow_dispatch
docker,packaging,.github/workflows/release-containerd.yml,0,0,28,public,main,branch,ebebfecc959223256807792ba69dfed110cb5d17,commit,workflow,https://github.com/docker/packaging/blob/ebebfecc959223256807792ba69dfed110cb5d17/.github/workflows/release-containerd.yml,1,,,workflow_dispatch
docker,packaging,.github/workflows/release-credential-helpers.yml,0,0,28,public,main,branch,ebebfecc959223256807792ba69dfed110cb5d17,commit,workflow,https://github.com/docker/packaging/blob/ebebfecc959223256807792ba69dfed110cb5d17/.github/workflows/release-credential-helpers.yml,1,,,workflow_dispatch
docker,packaging,.github/workflows/release-docker-cli.yml,0,0,28,public,main,branch,ebebfecc959223256807792ba69dfed110cb5d17,commit,workflow,https://github.com/docker/packaging/blob/ebebfecc959223256807792ba69dfed110cb5d17/.github/workflows/release-docker-cli.yml,1,,,workflow_dispatch
docker,packaging,.github/workflows/release-docker-engine.yml,0,0,28,public,main,branch,ebebfecc959223256807792ba69dfed110cb5d17,commit,workflow,https://github.com/docker/packaging/blob/ebebfecc959223256807792ba69dfed110cb5d17/.github/workflows/release-docker-engine.yml,1,,,workflow_dispatch
docker,packaging,.github/workflows/release-model.yml,0,0,28,public,main,branch,ebebfecc959223256807792ba69dfed110cb5d17,commit,workflow,https://github.com/docker/packaging/blob/ebebfecc959223256807792ba69dfed110cb5d17/.github/workflows/release-model.yml,1,,,workflow_dispatch
docker,packaging,.github/workflows/validate.yml,0,0,28,public,main,branch,ebebfecc959223256807792ba69dfed110cb5d17,commit,workflow,https://github.com/docker/packaging/blob/ebebfecc959223256807792ba69dfed110cb5d17/.github/workflows/validate.yml,1,,,"push,pull_request"
docker,sbom-cli-plugin,.github/workflows/release.yaml,0,0,157,public,main,branch,b17d47dc0b20061e7924e835716caef3c6cc6a46,commit,workflow,https://github.com/docker/sbom-cli-plugin/blob/b17d47dc0b20061e7924e835716caef3c6cc6a46/.github/workflows/release.yaml,2,,,push
docker,sbom-cli-plugin,.github/workflows/validations.yaml,0,0,157,public,main,branch,b17d47dc0b20061e7924e835716caef3c6cc6a46,commit,workflow,https://github.com/docker/sbom-cli-plugin/blob/b17d47dc0b20061e7924e835716caef3c6cc6a46/.github/workflows/validations.yaml,6,,,"workflow_dispatch,push,pull_request"
docker,scout-action,.github/workflows/release-branch.yml,0,0,127,public,main,branch,f8c776824083494ab0d56b8105ba2ca85c86e4de,commit,workflow,https://github.com/docker/scout-action/blob/f8c776824083494ab0d56b8105ba2ca85c86e4de/.github/workflows/release-branch.yml,3,,,"pull_request,workflow_dispatch"
docker,scout-action,.github/workflows/release.yml,0,0,127,public,main,branch,f8c776824083494ab0d56b8105ba2ca85c86e4de,commit,workflow,https://github.com/docker/scout-action/blob/f8c776824083494ab0d56b8105ba2ca85c86e4de/.github/workflows/release.yml,1,,,"push,workflow_dispatch,workflow_call"
docker,scout-action,./action.yaml,0,0,127,public,main,branch,f8c776824083494ab0d56b8105ba2ca85c86e4de,commit,action,https://github.com/docker/scout-action/blob/f8c776824083494ab0d56b8105ba2ca85c86e4de/./action.yaml,1,,,
docker,scout-cli,.github/workflows/release-branch.yml,0,0,412,public,main,branch,fc529c7bfb840839af93a4bec124be599e7a4901,commit,workflow,https://github.com/docker/scout-cli/blob/fc529c7bfb840839af93a4bec124be599e7a4901/.github/workflows/release-branch.yml,3,,,"pull_request,workflow_dispatch"
docker,scout-cli,.github/workflows/release.yml,0,0,412,public,main,branch,fc529c7bfb840839af93a4bec124be599e7a4901,commit,workflow,https://github.com/docker/scout-cli/blob/fc529c7bfb840839af93a4bec124be599e7a4901/.github/workflows/release.yml,1,,,"push,workflow_dispatch,workflow_call"
docker,setup-buildx-action,.github/workflows/ci.yml,0,0,1204,public,master,branch,1583c0f09d26c58c59d25b0eef29792b7ce99d9a,commit,workflow,https://github.com/docker/setup-buildx-action/blob/1583c0f09d26c58c59d25b0eef29792b7ce99d9a/.github/workflows/ci.yml,25,,,"workflow_dispatch,schedule,push,pull_request"
docker,setup-buildx-action,.github/workflows/pr-assign-author.yml,0,0,1204,public,master,branch,1583c0f09d26c58c59d25b0eef29792b7ce99d9a,commit,workflow,https://github.com/docker/setup-buildx-action/blob/1583c0f09d26c58c59d25b0eef29792b7ce99d9a/.github/workflows/pr-assign-author.yml,1,,,pull_request_target
docker,setup-buildx-action,.github/workflows/publish.yml,0,0,1204,public,master,branch,1583c0f09d26c58c59d25b0eef29792b7ce99d9a,commit,workflow,https://github.com/docker/setup-buildx-action/blob/1583c0f09d26c58c59d25b0eef29792b7ce99d9a/.github/workflows/publish.yml,1,,,release
docker,setup-buildx-action,.github/workflows/test.yml,0,0,1204,public,master,branch,1583c0f09d26c58c59d25b0eef29792b7ce99d9a,commit,workflow,https://github.com/docker/setup-buildx-action/blob/1583c0f09d26c58c59d25b0eef29792b7ce99d9a/.github/workflows/test.yml,1,,,"push,pull_request"
docker,setup-buildx-action,.github/workflows/validate.yml,0,0,1204,public,master,branch,1583c0f09d26c58c59d25b0eef29792b7ce99d9a,commit,workflow,https://github.com/docker/setup-buildx-action/blob/1583c0f09d26c58c59d25b0eef29792b7ce99d9a/.github/workflows/validate.yml,2,,,"push,pull_request"
docker,setup-buildx-action,./action.yml,0,0,1204,public,master,branch,1583c0f09d26c58c59d25b0eef29792b7ce99d9a,commit,action,https://github.com/docker/setup-buildx-action/blob/1583c0f09d26c58c59d25b0eef29792b7ce99d9a/./action.yml,1,,,
docker,setup-compose-action,.github/workflows/ci.yml,0,0,27,public,main,branch,23d018c8d3d7324668ae2253ab48526ce0fc2bad,commit,workflow,https://github.com/docker/setup-compose-action/blob/23d018c8d3d7324668ae2253ab48526ce0fc2bad/.github/workflows/ci.yml,4,,,"workflow_dispatch,schedule,push,pull_request"
docker,setup-compose-action,.github/workflows/pr-assign-author.yml,0,0,27,public,main,branch,23d018c8d3d7324668ae2253ab48526ce0fc2bad,commit,workflow,https://github.com/docker/setup-compose-action/blob/23d018c8d3d7324668ae2253ab48526ce0fc2bad/.github/workflows/pr-assign-author.yml,1,,,pull_request_target
docker,setup-compose-action,.github/workflows/publish.yml,0,0,27,public,main,branch,23d018c8d3d7324668ae2253ab48526ce0fc2bad,commit,workflow,https://github.com/docker/setup-compose-action/blob/23d018c8d3d7324668ae2253ab48526ce0fc2bad/.github/workflows/publish.yml,1,,,release
docker,setup-compose-action,.github/workflows/test.yml,0,0,27,public,main,branch,23d018c8d3d7324668ae2253ab48526ce0fc2bad,commit,workflow,https://github.com/docker/setup-compose-action/blob/23d018c8d3d7324668ae2253ab48526ce0fc2bad/.github/workflows/test.yml,1,,,"workflow_dispatch,push,pull_request"
docker,setup-compose-action,.github/workflows/validate.yml,0,0,27,public,main,branch,23d018c8d3d7324668ae2253ab48526ce0fc2bad,commit,workflow,https://github.com/docker/setup-compose-action/blob/23d018c8d3d7324668ae2253ab48526ce0fc2bad/.github/workflows/validate.yml,2,,,"workflow_dispatch,push,pull_request"
docker,setup-compose-action,./action.yml,0,0,27,public,main,branch,23d018c8d3d7324668ae2253ab48526ce0fc2bad,commit,action,https://github.com/docker/setup-compose-action/blob/23d018c8d3d7324668ae2253ab48526ce0fc2bad/./action.yml,1,,,
docker,setup-docker-action,.github/workflows/ci.yml,0,0,62,public,master,branch,3fb92d6d9c634363128c8cce4bc3b2826526370a,commit,workflow,https://github.com/docker/setup-docker-action/blob/3fb92d6d9c634363128c8cce4bc3b2826526370a/.github/workflows/ci.yml,13,,,"workflow_dispatch,schedule,push,pull_request"
docker,setup-docker-action,.github/workflows/pr-assign-author.yml,0,0,62,public,master,branch,3fb92d6d9c634363128c8cce4bc3b2826526370a,commit,workflow,https://github.com/docker/setup-docker-action/blob/3fb92d6d9c634363128c8cce4bc3b2826526370a/.github/workflows/pr-assign-author.yml,1,,,pull_request_target
docker,setup-docker-action,.github/workflows/publish.yml,0,0,62,public,master,branch,3fb92d6d9c634363128c8cce4bc3b2826526370a,commit,workflow,https://github.com/docker/setup-docker-action/blob/3fb92d6d9c634363128c8cce4bc3b2826526370a/.github/workflows/publish.yml,1,,,release
docker,setup-docker-action,.github/workflows/test.yml,0,0,62,public,master,branch,3fb92d6d9c634363128c8cce4bc3b2826526370a,commit,workflow,https://github.com/docker/setup-docker-action/blob/3fb92d6d9c634363128c8cce4bc3b2826526370a/.github/workflows/test.yml,1,,,"push,pull_request"
docker,setup-docker-action,.github/workflows/validate.yml,0,0,62,public,master,branch,3fb92d6d9c634363128c8cce4bc3b2826526370a,commit,workflow,https://github.com/docker/setup-docker-action/blob/3fb92d6d9c634363128c8cce4bc3b2826526370a/.github/workflows/validate.yml,2,,,"push,pull_request"
docker,setup-docker-action,./action.yml,0,0,62,public,master,branch,3fb92d6d9c634363128c8cce4bc3b2826526370a,commit,action,https://github.com/docker/setup-docker-action/blob/3fb92d6d9c634363128c8cce4bc3b2826526370a/./action.yml,1,,,
docker,setup-qemu-action,.github/workflows/ci.yml,0,0,530,public,master,branch,e77e8065d9f7ec6abdd9838668cd7b43924dd64d,commit,workflow,https://github.com/docker/setup-qemu-action/blob/e77e8065d9f7ec6abdd9838668cd7b43924dd64d/.github/workflows/ci.yml,5,,,"workflow_dispatch,schedule,push,pull_request"
docker,setup-qemu-action,.github/workflows/pr-assign-author.yml,0,0,530,public,master,branch,e77e8065d9f7ec6abdd9838668cd7b43924dd64d,commit,workflow,https://github.com/docker/setup-qemu-action/blob/e77e8065d9f7ec6abdd9838668cd7b43924dd64d/.github/workflows/pr-assign-author.yml,1,,,pull_request_target
docker,setup-qemu-action,.github/workflows/publish.yml,0,0,530,public,master,branch,e77e8065d9f7ec6abdd9838668cd7b43924dd64d,commit,workflow,https://github.com/docker/setup-qemu-action/blob/e77e8065d9f7ec6abdd9838668cd7b43924dd64d/.github/workflows/publish.yml,1,,,release
docker,setup-qemu-action,.github/workflows/test.yml,0,0,530,public,master,branch,e77e8065d9f7ec6abdd9838668cd7b43924dd64d,commit,workflow,https://github.com/docker/setup-qemu-action/blob/e77e8065d9f7ec6abdd9838668cd7b43924dd64d/.github/workflows/test.yml,1,,,"push,pull_request"
docker,setup-qemu-action,.github/workflows/validate.yml,0,0,530,public,master,branch,e77e8065d9f7ec6abdd9838668cd7b43924dd64d,commit,workflow,https://github.com/docker/setup-qemu-action/blob/e77e8065d9f7ec6abdd9838668cd7b43924dd64d/.github/workflows/validate.yml,2,,,"push,pull_request"
docker,setup-qemu-action,./action.yml,0,0,530,public,master,branch,e77e8065d9f7ec6abdd9838668cd7b43924dd64d,commit,action,https://github.com/docker/setup-qemu-action/blob/e77e8065d9f7ec6abdd9838668cd7b43924dd64d/./action.yml,1,,,
docker,simplepypi,.github/workflows/publish.yml,1,0,2,public,main,branch,05366a1d437610cf94d396f5edf05a7e46e44c70,commit,workflow,https://github.com/docker/simplepypi/blob/05366a1d437610cf94d396f5edf05a7e46e44c70/.github/workflows/publish.yml,1,,,workflow_dispatch
docker,terraform-provider-docker,.github/workflows/acctest.yaml,0,0,51,public,main,branch,81933d915d25b35c42892ee62a2702ae614d4588,commit,workflow,https://github.com/docker/terraform-provider-docker/blob/81933d915d25b35c42892ee62a2702ae614d4588/.github/workflows/acctest.yaml,1,,,workflow_dispatch
docker,terraform-provider-docker,.github/workflows/ci.yaml,0,0,51,public,main,branch,81933d915d25b35c42892ee62a2702ae614d4588,commit,workflow,https://github.com/docker/terraform-provider-docker/blob/81933d915d25b35c42892ee62a2702ae614d4588/.github/workflows/ci.yaml,1,,,"pull_request,push"
docker,terraform-provider-docker,.github/workflows/release.yml,0,0,51,public,main,branch,81933d915d25b35c42892ee62a2702ae614d4588,commit,workflow,https://github.com/docker/terraform-provider-docker/blob/81933d915d25b35c42892ee62a2702ae614d4588/.github/workflows/release.yml,1,,,push
docker,tuf,.github/workflows/create-signing-events.yml,0,1,3,public,main,branch,506e6f246a5031e68312269667935d6eb81744a5,commit,workflow,https://github.com/docker/tuf/blob/506e6f246a5031e68312269667935d6eb81744a5/.github/workflows/create-signing-events.yml,2,,,"schedule,workflow_dispatch"
docker,tuf,.github/workflows/mirror.yml,0,1,3,public,main,branch,506e6f246a5031e68312269667935d6eb81744a5,commit,workflow,https://github.com/docker/tuf/blob/506e6f246a5031e68312269667935d6eb81744a5/.github/workflows/mirror.yml,2,,,"workflow_run,workflow_dispatch"
docker,tuf,.github/workflows/online-sign.yml,0,1,3,public,main,branch,506e6f246a5031e68312269667935d6eb81744a5,commit,workflow,https://github.com/docker/tuf/blob/506e6f246a5031e68312269667935d6eb81744a5/.github/workflows/online-sign.yml,3,,,"schedule,push,workflow_dispatch"
docker,tuf,.github/workflows/promote-testing-policy.yml,0,1,3,public,main,branch,506e6f246a5031e68312269667935d6eb81744a5,commit,workflow,https://github.com/docker/tuf/blob/506e6f246a5031e68312269667935d6eb81744a5/.github/workflows/promote-testing-policy.yml,1,,,workflow_dispatch
docker,tuf,.github/workflows/publish.yml,0,1,3,public,main,branch,506e6f246a5031e68312269667935d6eb81744a5,commit,workflow,https://github.com/docker/tuf/blob/506e6f246a5031e68312269667935d6eb81744a5/.github/workflows/publish.yml,5,,,workflow_dispatch
docker,tuf,.github/workflows/signing-event.yml,0,1,3,public,main,branch,506e6f246a5031e68312269667935d6eb81744a5,commit,workflow,https://github.com/docker/tuf/blob/506e6f246a5031e68312269667935d6eb81744a5/.github/workflows/signing-event.yml,1,,,"workflow_dispatch,push"
docker,tuf,.github/workflows/test.yml,0,1,3,public,main,branch,506e6f246a5031e68312269667935d6eb81744a5,commit,workflow,https://github.com/docker/tuf/blob/506e6f246a5031e68312269667935d6eb81744a5/.github/workflows/test.yml,2,,,"workflow_call,workflow_dispatch,schedule"
docker,tuf,.github/workflows/update-doi-policy.yml,0,1,3,public,main,branch,506e6f246a5031e68312269667935d6eb81744a5,commit,workflow,https://github.com/docker/tuf/blob/506e6f246a5031e68312269667935d6eb81744a5/.github/workflows/update-doi-policy.yml,1,,,workflow_dispatch
docker,tuf,.github/workflows/update-rekor-keys.yml,0,1,3,public,main,branch,506e6f246a5031e68312269667935d6eb81744a5,commit,workflow,https://github.com/docker/tuf/blob/506e6f246a5031e68312269667935d6eb81744a5/.github/workflows/update-rekor-keys.yml,2,,,"workflow_dispatch,schedule"
docker,unleash-proxy,.github/workflows/add-to-project.yml,1,0,2,public,main,branch,7384565a13d87e0665d835f5356b999e769194fb,commit,workflow,https://github.com/docker/unleash-proxy/blob/7384565a13d87e0665d835f5356b999e769194fb/.github/workflows/add-to-project.yml,1,,,"issues,pull_request_target"
docker,unleash-proxy,.github/workflows/codeql-analysis.yml,1,0,2,public,main,branch,7384565a13d87e0665d835f5356b999e769194fb,commit,workflow,https://github.com/docker/unleash-proxy/blob/7384565a13d87e0665d835f5356b999e769194fb/.github/workflows/codeql-analysis.yml,1,,,"push,pull_request,schedule"
docker,unleash-proxy,.github/workflows/node.js.yml,1,0,2,public,main,branch,7384565a13d87e0665d835f5356b999e769194fb,commit,workflow,https://github.com/docker/unleash-proxy/blob/7384565a13d87e0665d835f5356b999e769194fb/.github/workflows/node.js.yml,1,,,"push,pull_request"
docker,unleash-proxy,.github/workflows/push-docker-releases.yml,1,0,2,public,main,branch,7384565a13d87e0665d835f5356b999e769194fb,commit,workflow,https://github.com/docker/unleash-proxy/blob/7384565a13d87e0665d835f5356b999e769194fb/.github/workflows/push-docker-releases.yml,1,,,push
docker,unleash-proxy,.github/workflows/push-ecr-releases.yml,1,0,2,public,main,branch,7384565a13d87e0665d835f5356b999e769194fb,commit,workflow,https://github.com/docker/unleash-proxy/blob/7384565a13d87e0665d835f5356b999e769194fb/.github/workflows/push-ecr-releases.yml,1,,,push
docker,unleash-proxy,.github/workflows/release.yml,1,0,2,public,main,branch,7384565a13d87e0665d835f5356b999e769194fb,commit,workflow,https://github.com/docker/unleash-proxy/blob/7384565a13d87e0665d835f5356b999e769194fb/.github/workflows/release.yml,1,,,push
docker,unleash-proxy,.github/workflows/release_changelog.yml,1,0,2,public,main,branch,7384565a13d87e0665d835f5356b999e769194fb,commit,workflow,https://github.com/docker/unleash-proxy/blob/7384565a13d87e0665d835f5356b999e769194fb/.github/workflows/release_changelog.yml,1,,,push
docker,volumes-backup-extension,.github/workflows/build-scan-push.yaml,0,1,92,public,main,branch,6f1c72f1f68243adfaa679e088254c07092bfb23,commit,workflow,https://github.com/docker/volumes-backup-extension/blob/6f1c72f1f68243adfaa679e088254c07092bfb23/.github/workflows/build-scan-push.yaml,2,,,"push,pull_request,release"
docker,volumes-backup-extension,.github/workflows/e2e.yaml,0,1,92,public,main,branch,6f1c72f1f68243adfaa679e088254c07092bfb23,commit,workflow,https://github.com/docker/volumes-backup-extension/blob/6f1c72f1f68243adfaa679e088254c07092bfb23/.github/workflows/e2e.yaml,1,,,"push,pull_request"
docker,volumes-backup-extension,.github/workflows/hadolint.yaml,0,1,92,public,main,branch,6f1c72f1f68243adfaa679e088254c07092bfb23,commit,workflow,https://github.com/docker/volumes-backup-extension/blob/6f1c72f1f68243adfaa679e088254c07092bfb23/.github/workflows/hadolint.yaml,1,,,"push,pull_request"
docker,vscode-extension,.github/workflows/build.yml,0,0,42,public,main,branch,35c722aadc0483a1d6d683cf0a4e4170b2af32fb,commit,workflow,https://github.com/docker/vscode-extension/blob/35c722aadc0483a1d6d683cf0a4e4170b2af32fb/.github/workflows/build.yml,5,,,"push,pull_request,workflow_dispatch"
docker,vscode-extension,.github/workflows/lint.yml,0,0,42,public,main,branch,35c722aadc0483a1d6d683cf0a4e4170b2af32fb,commit,workflow,https://github.com/docker/vscode-extension/blob/35c722aadc0483a1d6d683cf0a4e4170b2af32fb/.github/workflows/lint.yml,1,,,pull_request
docker,vscode-extension,.github/workflows/prepare-release.yml,0,0,42,public,main,branch,35c722aadc0483a1d6d683cf0a4e4170b2af32fb,commit,workflow,https://github.com/docker/vscode-extension/blob/35c722aadc0483a1d6d683cf0a4e4170b2af32fb/.github/workflows/prepare-release.yml,1,,,workflow_dispatch
docker,vscode-extension,.github/workflows/verify.yml,0,0,42,public,main,branch,35c722aadc0483a1d6d683cf0a4e4170b2af32fb,commit,workflow,https://github.com/docker/vscode-extension/blob/35c722aadc0483a1d6d683cf0a4e4170b2af32fb/.github/workflows/verify.yml,1,,,pull_request
docker,webgpudd,.github/workflows/build.yml,0,0,3,public,main,branch,337da3eac5be6af3262975ad4e402f7e1880e781,commit,workflow,https://github.com/docker/webgpudd/blob/337da3eac5be6af3262975ad4e402f7e1880e781/.github/workflows/build.yml,3,,,"push,pull_request,workflow_dispatch"
docker,welcome-to-docker,.github/workflows/merge-main-into-small-image.yml,0,0,748,public,main,branch,c8cd4b31b2f1f06bb865fe7a0d328f2d85777353,commit,workflow,https://github.com/docker/welcome-to-docker/blob/c8cd4b31b2f1f06bb865fe7a0d328f2d85777353/.github/workflows/merge-main-into-small-image.yml,1,,,pull_request
docker,bake-action,action.yml,0,0,264,public,v6,tag,3acf805d94d93a86cce4ca44798a76464a75b88c,commit,action,https://github.com/docker/bake-action/blob/3acf805d94d93a86cce4ca44798a76464a75b88c/action.yml,1,,,
docker,bake-action,subaction/list-targets/action.yml,0,0,264,public,v6,tag,3acf805d94d93a86cce4ca44798a76464a75b88c,commit,action,https://github.com/docker/bake-action/blob/3acf805d94d93a86cce4ca44798a76464a75b88c/subaction/list-targets/action.yml,1,,,
docker,bake-action,subaction/matrix/action.yml,0,0,264,public,v6,tag,3acf805d94d93a86cce4ca44798a76464a75b88c,commit,action,https://github.com/docker/bake-action/blob/3acf805d94d93a86cce4ca44798a76464a75b88c/subaction/matrix/action.yml,1,,,
docker,setup-buildx-action,action.yml,0,0,1204,public,v3,tag,e468171a9de216ec08956ac3ada2f0791b6bd435,commit,action,https://github.com/docker/setup-buildx-action/blob/e468171a9de216ec08956ac3ada2f0791b6bd435/action.yml,1,,,
docker,login-action,action.yml,0,0,1285,public,v3,tag,5e57cd118135c172c3672efd75eb46360885c0ef,commit,action,https://github.com/docker/login-action/blob/5e57cd118135c172c3672efd75eb46360885c0ef/action.yml,1,,,
docker,setup-buildx-action,action.yml,0,0,1204,public,e468171a9de216ec08956ac3ada2f0791b6bd435,commit,v3.11.1,tag,action,https://github.com/docker/setup-buildx-action/blob/e468171a9de216ec08956ac3ada2f0791b6bd435/action.yml,1,,,
docker,build-push-action,action.yml,0,0,4977,public,263435318d21b8e681c14492fe198d362a7d2c83,commit,v6.18.0,tag,action,https://github.com/docker/build-push-action/blob/263435318d21b8e681c14492fe198d362a7d2c83/action.yml,1,,,
docker,login-action,action.yml,0,0,1285,public,184bdaa0721073962dff0199f1fb9940f07167d1,commit,v3.5.0,tag,action,https://github.com/docker/login-action/blob/184bdaa0721073962dff0199f1fb9940f07167d1/action.yml,1,,,
docker,setup-qemu-action,action.yml,0,0,530,public,v3,tag,29109295f81e9208d7d86ff1c6c12d2833863392,commit,action,https://github.com/docker/setup-qemu-action/blob/29109295f81e9208d7d86ff1c6c12d2833863392/action.yml,1,,,
docker,metadata-action,action.yml,0,0,1044,public,v5,tag,c1e51972afc2121e065aed6d45c65596fe445f3f,commit,action,https://github.com/docker/metadata-action/blob/c1e51972afc2121e065aed6d45c65596fe445f3f/action.yml,1,,,
docker,build-push-action,action.yml,0,0,4977,public,v6,tag,263435318d21b8e681c14492fe198d362a7d2c83,commit,action,https://github.com/docker/build-push-action/blob/263435318d21b8e681c14492fe198d362a7d2c83/action.yml,1,,,
docker,setup-buildx-action,action.yml,0,0,1204,public,79abd3f86f79a9d68a23c75a09a9a85889262adf,commit,,missing,action,https://github.com/docker/setup-buildx-action/blob/79abd3f86f79a9d68a23c75a09a9a85889262adf/action.yml,1,,,
docker,login-action,action.yml,0,0,1285,public,28218f9b04b4f3f62068d7b6ce6ca5b26e35336c,commit,v1.9.0,tag,action,https://github.com/docker/login-action/blob/28218f9b04b4f3f62068d7b6ce6ca5b26e35336c/action.yml,1,,,
docker,metadata-action,action.yml,0,0,1044,public,98669ae865ea3cffbcbaa878cf57c20bbf1c6c38,commit,v3.3.0,tag,action,https://github.com/docker/metadata-action/blob/98669ae865ea3cffbcbaa878cf57c20bbf1c6c38/action.yml,1,,,
docker,build-push-action,action.yml,0,0,4977,public,ac9327eae2b366085ac7f6a2d02df8aa8ead720a,commit,v2.10.0,tag,action,https://github.com/docker/build-push-action/blob/ac9327eae2b366085ac7f6a2d02df8aa8ead720a/action.yml,1,,,
docker,metadata-action,action.yml,0,0,1044,public,c1e51972afc2121e065aed6d45c65596fe445f3f,commit,v5.8.0,tag,action,https://github.com/docker/metadata-action/blob/c1e51972afc2121e065aed6d45c65596fe445f3f/action.yml,1,,,
docker,metadata-action,action.yml,0,0,1044,public,v4,tag,818d4b7b91585d195f67373fd9cb0332e31a7175,commit,action,https://github.com/docker/metadata-action/blob/818d4b7b91585d195f67373fd9cb0332e31a7175/action.yml,1,,,
docker,setup-buildx-action,action.yml,0,0,1204,public,v2,tag,885d1462b80bc1c1c7f0b00334ad271f09369c55,commit,action,https://github.com/docker/setup-buildx-action/blob/885d1462b80bc1c1c7f0b00334ad271f09369c55/action.yml,1,,,
docker,build-push-action,action.yml,0,0,4977,public,v4,tag,0a97817b6ade9f46837855d676c4cca3a2471fc9,commit,action,https://github.com/docker/build-push-action/blob/0a97817b6ade9f46837855d676c4cca3a2471fc9/action.yml,1,,,
docker,login-action,action.yml,0,0,1285,public,v2,tag,465a07811f14bebb1938fbed4728c6a1ff8901fc,commit,action,https://github.com/docker/login-action/blob/465a07811f14bebb1938fbed4728c6a1ff8901fc/action.yml,1,,,
docker,build-push-action,action.yml,0,0,4977,public,v3,tag,1104d471370f9806843c095c1db02b5a90c5f8b6,commit,action,https://github.com/docker/build-push-action/blob/1104d471370f9806843c095c1db02b5a90c5f8b6/action.yml,1,,,
docker,desktop-action,start/action.yml,0,0,10,public,v0.3.6,tag,ca8f1a94b6716d5b278b081b654fbb7cd0b8fdb3,commit,action,https://github.com/docker/desktop-action/blob/ca8f1a94b6716d5b278b081b654fbb7cd0b8fdb3/start/action.yml,1,,,
docker,image-signer-verifier,actions/sign,0,0,0,none,7e791e4c287d1976e457e6e1d1fa9d6f045ffdcc,unknown,,commit,action,https://github.com/docker/image-signer-verifier/blob//actions/sign,0,missing,https://github.com/docker/go-tuf-mirror/blob/6cb12d389865b1c179abfe5156a0703f29a3063c/.github/workflows/release.yml,
docker,bake-action,action.yml,0,0,264,public,v2,tag,6c87dcca988e4e074e3ab1f976a70f63ec9673fb,commit,action,https://github.com/docker/bake-action/blob/6c87dcca988e4e074e3ab1f976a70f63ec9673fb/action.yml,1,,,
docker,build-push-action,action.yml,0,0,4977,public,v5,tag,ca052bb54ab0790a636c9b5f226502c73d547a25,commit,action,https://github.com/docker/build-push-action/blob/ca052bb54ab0790a636c9b5f226502c73d547a25/action.yml,1,,,
docker,actions,setup-go,0,0,0,none,33488d0ac7cf5f3616b656b8f2bf28b45467976c,unknown,,commit,action,https://github.com/docker/actions/blob//setup-go,0,missing,https://github.com/docker/hub-mcp/blob/efa0035c49074953e64ad5c89a3404e252b2703c/.github/workflows/release.yml,
docker,actions,bump-version,0,0,0,none,132452b833c5fae71bc674fe54384c9242173f96,unknown,,commit,action,https://github.com/docker/actions/blob//bump-version,0,missing,https://github.com/docker/hub-mcp/blob/efa0035c49074953e64ad5c89a3404e252b2703c/.github/workflows/release.yml,
docker,login-action,action.yml,0,0,1285,public,465a07811f14bebb1938fbed4728c6a1ff8901fc,commit,v2.2.0,tag,action,https://github.com/docker/login-action/blob/465a07811f14bebb1938fbed4728c6a1ff8901fc/action.yml,1,,,
docker,setup-qemu-action,action.yml,0,0,530,public,29109295f81e9208d7d86ff1c6c12d2833863392,commit,v3.6.0,tag,action,https://github.com/docker/setup-qemu-action/blob/29109295f81e9208d7d86ff1c6c12d2833863392/action.yml,1,,,
docker,build-push-action,action.yml,0,0,4977,public,ca052bb54ab0790a636c9b5f226502c73d547a25,commit,v5.4.0,tag,action,https://github.com/docker/build-push-action/blob/ca052bb54ab0790a636c9b5f226502c73d547a25/action.yml,1,,,
docker,setup-qemu-action,action.yml,0,0,530,public,v2,tag,2b82ce82d56a2a04d2637cd93a637ae1b359c0a7,commit,action,https://github.com/docker/setup-qemu-action/blob/2b82ce82d56a2a04d2637cd93a637ae1b359c0a7/action.yml,1,,,
docker,setup-docker-action,action.yml,0,0,62,public,v4,tag,3fb92d6d9c634363128c8cce4bc3b2826526370a,commit,action,https://github.com/docker/setup-docker-action/blob/3fb92d6d9c634363128c8cce4bc3b2826526370a/action.yml,1,,,
docker,setup-docker-action,action.yml,0,0,62,public,b60f85385d03ac8acfca6d9996982511d8620a19,commit,v4.3.0,tag,action,https://github.com/docker/setup-docker-action/blob/b60f85385d03ac8acfca6d9996982511d8620a19/action.yml,1,,,
docker,go-tuf-mirror,actions/metadata/action.yml,0,1,4,public,dd00ad1055cb09daf0aa299e8d2f028091458aa3,commit,,missing,action,https://github.com/docker/go-tuf-mirror/blob/dd00ad1055cb09daf0aa299e8d2f028091458aa3/actions/metadata/action.yml,1,,,
docker,go-tuf-mirror,actions/targets/action.yml,0,1,4,public,dd00ad1055cb09daf0aa299e8d2f028091458aa3,commit,,missing,action,https://github.com/docker/go-tuf-mirror/blob/dd00ad1055cb09daf0aa299e8d2f028091458aa3/actions/targets/action.yml,1,,,
docker,scout-action,action.yaml,0,0,127,public,v1.7.0,tag,f7a51f737dc10e079eadcadfce8e38aad96a1877,commit,action,https://github.com/docker/scout-action/blob/f7a51f737dc10e079eadcadfce8e38aad96a1877/action.yaml,1,,,
