repo_name,workflow_path,workflow_type,visibility,archived,forked,total_jobs,reusable_workflow,workflow_url,repo_url
actions,bump-version,action,unknown,0,0,0,0,https://github.com/docker/actions/blob/132452b833c5fae71bc674fe54384c9242173f96/bump-version,https://github.com/docker/actions
actions,setup-go,action,unknown,0,0,0,0,https://github.com/docker/actions/blob/33488d0ac7cf5f3616b656b8f2bf28b45467976c/setup-go,https://github.com/docker/actions
actions-toolkit,build.yml,workflow,public,0,0,1,0,https://github.com/docker/actions-toolkit/blob/main/.github/workflows/build.yml,https://github.com/docker/actions-toolkit
actions-toolkit,buildx-lab-releases-json.yml,workflow,public,0,0,2,0,https://github.com/docker/actions-toolkit/blob/main/.github/workflows/buildx-lab-releases-json.yml,https://github.com/docker/actions-toolkit
actions-toolkit,buildx-releases-json.yml,workflow,public,0,0,2,0,https://github.com/docker/actions-toolkit/blob/main/.github/workflows/buildx-releases-json.yml,https://github.com/docker/actions-toolkit
actions-toolkit,codeql.yml,workflow,public,0,0,1,0,https://github.com/docker/actions-toolkit/blob/main/.github/workflows/codeql.yml,https://github.com/docker/actions-toolkit
actions-toolkit,compose-lab-releases-json.yml,workflow,public,0,0,2,0,https://github.com/docker/actions-toolkit/blob/main/.github/workflows/compose-lab-releases-json.yml,https://github.com/docker/actions-toolkit
actions-toolkit,compose-releases-json.yml,workflow,public,0,0,2,0,https://github.com/docker/actions-toolkit/blob/main/.github/workflows/compose-releases-json.yml,https://github.com/docker/actions-toolkit
actions-toolkit,cosign-releases-json.yml,workflow,public,0,0,2,0,https://github.com/docker/actions-toolkit/blob/main/.github/workflows/cosign-releases-json.yml,https://github.com/docker/actions-toolkit
actions-toolkit,docker-releases-json.yml,workflow,public,0,0,2,0,https://github.com/docker/actions-toolkit/blob/main/.github/workflows/docker-releases-json.yml,https://github.com/docker/actions-toolkit
actions-toolkit,pr-assign-author.yml,workflow,public,0,0,1,0,https://github.com/docker/actions-toolkit/blob/main/.github/workflows/pr-assign-author.yml,https://github.com/docker/actions-toolkit
actions-toolkit,publish.yml,workflow,public,0,0,1,0,https://github.com/docker/actions-toolkit/blob/main/.github/workflows/publish.yml,https://github.com/docker/actions-toolkit
actions-toolkit,regclient-releases-json.yml,workflow,public,0,0,2,0,https://github.com/docker/actions-toolkit/blob/main/.github/workflows/regclient-releases-json.yml,https://github.com/docker/actions-toolkit
actions-toolkit,test.yml,workflow,public,0,0,3,0,https://github.com/docker/actions-toolkit/blob/main/.github/workflows/test.yml,https://github.com/docker/actions-toolkit
actions-toolkit,undock-releases-json.yml,workflow,public,0,0,2,0,https://github.com/docker/actions-toolkit/blob/main/.github/workflows/undock-releases-json.yml,https://github.com/docker/actions-toolkit
actions-toolkit,update-deps.yml,workflow,public,0,0,1,0,https://github.com/docker/actions-toolkit/blob/main/.github/workflows/update-deps.yml,https://github.com/docker/actions-toolkit
actions-toolkit,validate.yml,workflow,public,0,0,2,0,https://github.com/docker/actions-toolkit/blob/main/.github/workflows/validate.yml,https://github.com/docker/actions-toolkit
actions-toolkit,virtual-env.yml,workflow,public,0,0,1,0,https://github.com/docker/actions-toolkit/blob/main/.github/workflows/virtual-env.yml,https://github.com/docker/actions-toolkit
actions-toolkit,zizmor.yml,workflow,public,0,0,1,0,https://github.com/docker/actions-toolkit/blob/main/.github/workflows/zizmor.yml,https://github.com/docker/actions-toolkit
autobuilds-actions,full-autobuilds.yaml,workflow,public,0,0,1,0,https://github.com/docker/autobuilds-actions/blob/main/.github/workflows/full-autobuilds.yaml,https://github.com/docker/autobuilds-actions
autobuilds-actions,simple-build.yaml,workflow,public,0,0,1,0,https://github.com/docker/autobuilds-actions/blob/main/.github/workflows/simple-build.yaml,https://github.com/docker/autobuilds-actions
awesome-compose,codeql-analysis.yml,workflow,public,0,0,1,0,https://github.com/docker/awesome-compose/blob/master/.github/workflows/codeql-analysis.yml,https://github.com/docker/awesome-compose
aws-kms-sign-csr,build.yml,workflow,public,0,1,1,0,https://github.com/docker/aws-kms-sign-csr/blob/master/.github/workflows/build.yml,https://github.com/docker/aws-kms-sign-csr
aws-kms-sign-csr,release.yml,workflow,public,0,1,1,0,https://github.com/docker/aws-kms-sign-csr/blob/master/.github/workflows/release.yml,https://github.com/docker/aws-kms-sign-csr
babashka-pod-docker,docker.yml,workflow,public,0,0,1,0,https://github.com/docker/babashka-pod-docker/blob/main/.github/workflows/docker.yml,https://github.com/docker/babashka-pod-docker
babashka-pod-docker,release.yml,workflow,public,0,0,1,0,https://github.com/docker/babashka-pod-docker/blob/main/.github/workflows/release.yml,https://github.com/docker/babashka-pod-docker
bake-action,./action.yml,action,public,0,0,1,0,https://github.com/docker/bake-action/blob/master/./action.yml,https://github.com/docker/bake-action
bake-action,action.yml,action,public,0,0,1,0,https://github.com/docker/bake-action/blob/6614cfa25eff9a0b2b2697efb0b6159e7680d584/action.yml,https://github.com/docker/bake-action
bake-action,action.yml,action,public,0,0,1,0,https://github.com/docker/bake-action/blob/6614cfa25eff9a0b2b2697efb0b6159e7680d584/action.yml,https://github.com/docker/bake-action
bake-action,action.yml,action,public,0,0,1,0,https://github.com/docker/bake-action/blob/5be5f02ff8819ecd3092ea6b2e6261c31774f2b4/action.yml,https://github.com/docker/bake-action
bake-action,action.yml,action,public,0,0,1,0,https://github.com/docker/bake-action/blob/82490499d2e5613fcead7e128237ef0b0ea210f7/action.yml,https://github.com/docker/bake-action
bake-action,action.yml,action,public,0,0,1,0,https://github.com/docker/bake-action/blob/a66e1c87e2eca0503c343edf1d208c716d54b8a8/action.yml,https://github.com/docker/bake-action
bake-action,action.yml,action,public,0,0,1,0,https://github.com/docker/bake-action/blob/v2/action.yml,https://github.com/docker/bake-action
bake-action,ci-subaction.yml,action,public,0,0,1,0,https://github.com/docker/bake-action/blob/master/.github/workflows/ci-subaction.yml,https://github.com/docker/bake-action
bake-action,ci.yml,workflow,public,0,0,31,0,https://github.com/docker/bake-action/blob/master/.github/workflows/ci.yml,https://github.com/docker/bake-action
bake-action,codeql.yml,workflow,public,0,0,1,0,https://github.com/docker/bake-action/blob/master/.github/workflows/codeql.yml,https://github.com/docker/bake-action
bake-action,pr-assign-author.yml,workflow,public,0,0,1,0,https://github.com/docker/bake-action/blob/master/.github/workflows/pr-assign-author.yml,https://github.com/docker/bake-action
bake-action,publish.yml,workflow,public,0,0,1,0,https://github.com/docker/bake-action/blob/master/.github/workflows/publish.yml,https://github.com/docker/bake-action
bake-action,subaction/matrix/action.yml,action,public,0,0,1,0,https://github.com/docker/bake-action/blob/master/subaction/matrix/action.yml,https://github.com/docker/bake-action
bake-action,subaction/matrix/action.yml,action,public,0,0,1,0,https://github.com/docker/bake-action/blob/6614cfa25eff9a0b2b2697efb0b6159e7680d584/subaction/matrix/action.yml,https://github.com/docker/bake-action
bake-action,subaction/matrix/action.yml,action,public,0,0,1,0,https://github.com/docker/bake-action/blob/82490499d2e5613fcead7e128237ef0b0ea210f7/subaction/matrix/action.yml,https://github.com/docker/bake-action
bake-action,test.yml,workflow,public,0,0,1,0,https://github.com/docker/bake-action/blob/master/.github/workflows/test.yml,https://github.com/docker/bake-action
bake-action,update-dist.yml,workflow,public,0,0,1,0,https://github.com/docker/bake-action/blob/master/.github/workflows/update-dist.yml,https://github.com/docker/bake-action
bake-action,validate.yml,workflow,public,0,0,2,0,https://github.com/docker/bake-action/blob/master/.github/workflows/validate.yml,https://github.com/docker/bake-action
bake-action,zizmor.yml,workflow,public,0,0,1,0,https://github.com/docker/bake-action/blob/master/.github/workflows/zizmor.yml,https://github.com/docker/bake-action
base-cli-plugin,go.yml,workflow,public,0,0,1,0,https://github.com/docker/base-cli-plugin/blob/main/.github/workflows/go.yml,https://github.com/docker/base-cli-plugin
base-cli-plugin,goreleaser.yaml,workflow,public,0,0,1,0,https://github.com/docker/base-cli-plugin/blob/main/.github/workflows/goreleaser.yaml,https://github.com/docker/base-cli-plugin
build-push-action,./action.yml,action,public,0,0,1,0,https://github.com/docker/build-push-action/blob/master/./action.yml,https://github.com/docker/build-push-action
build-push-action,.e2e-run.yml,workflow,public,0,0,1,1,https://github.com/docker/build-push-action/blob/master/.github/workflows/.e2e-run.yml,https://github.com/docker/build-push-action
build-push-action,action.yml,action,public,0,0,1,0,https://github.com/docker/build-push-action/blob/master/action.yml,https://github.com/docker/build-push-action
build-push-action,action.yml,action,public,0,0,1,0,https://github.com/docker/build-push-action/blob/263435318d21b8e681c14492fe198d362a7d2c83/action.yml,https://github.com/docker/build-push-action
build-push-action,action.yml,action,public,0,0,1,0,https://github.com/docker/build-push-action/blob/ca052bb54ab0790a636c9b5f226502c73d547a25/action.yml,https://github.com/docker/build-push-action
build-push-action,action.yml,action,public,0,0,1,0,https://github.com/docker/build-push-action/blob/ac9327eae2b366085ac7f6a2d02df8aa8ead720a/action.yml,https://github.com/docker/build-push-action
build-push-action,action.yml,action,public,0,0,1,0,https://github.com/docker/build-push-action/blob/ee4ca427a2f43b6a16632044ca514c076267da23/action.yml,https://github.com/docker/build-push-action
build-push-action,action.yml,action,public,0,0,1,0,https://github.com/docker/build-push-action/blob/v4/action.yml,https://github.com/docker/build-push-action
build-push-action,action.yml,action,public,0,0,1,0,https://github.com/docker/build-push-action/blob/v3/action.yml,https://github.com/docker/build-push-action
build-push-action,action.yml,action,public,0,0,1,0,https://github.com/docker/build-push-action/blob/f9f3042f7e2789586610d6e8b85c8f03e5195baf/action.yml,https://github.com/docker/build-push-action
build-push-action,action.yml,action,public,0,0,1,0,https://github.com/docker/build-push-action/blob/v5/action.yml,https://github.com/docker/build-push-action
build-push-action,action.yml,action,public,0,0,1,0,https://github.com/docker/build-push-action/blob/bcafcacb16a39f128d818304e6c9c0c18556b85f/action.yml,https://github.com/docker/build-push-action
build-push-action,action.yml,action,public,0,0,1,0,https://github.com/docker/build-push-action/blob/v6/action.yml,https://github.com/docker/build-push-action
build-push-action,ci.yml,workflow,public,0,0,45,0,https://github.com/docker/build-push-action/blob/master/.github/workflows/ci.yml,https://github.com/docker/build-push-action
build-push-action,codeql.yml,workflow,public,0,0,1,0,https://github.com/docker/build-push-action/blob/master/.github/workflows/codeql.yml,https://github.com/docker/build-push-action
build-push-action,e2e.yml,workflow,public,0,0,1,0,https://github.com/docker/build-push-action/blob/master/.github/workflows/e2e.yml,https://github.com/docker/build-push-action
build-push-action,pr-assign-author.yml,workflow,public,0,0,1,0,https://github.com/docker/build-push-action/blob/master/.github/workflows/pr-assign-author.yml,https://github.com/docker/build-push-action
build-push-action,publish.yml,workflow,public,0,0,1,0,https://github.com/docker/build-push-action/blob/master/.github/workflows/publish.yml,https://github.com/docker/build-push-action
build-push-action,test.yml,workflow,public,0,0,1,0,https://github.com/docker/build-push-action/blob/master/.github/workflows/test.yml,https://github.com/docker/build-push-action
build-push-action,update-dist.yml,workflow,public,0,0,1,0,https://github.com/docker/build-push-action/blob/master/.github/workflows/update-dist.yml,https://github.com/docker/build-push-action
build-push-action,validate.yml,workflow,public,0,0,2,0,https://github.com/docker/build-push-action/blob/master/.github/workflows/validate.yml,https://github.com/docker/build-push-action
build-push-action,zizmor.yml,workflow,public,0,0,1,0,https://github.com/docker/build-push-action/blob/master/.github/workflows/zizmor.yml,https://github.com/docker/build-push-action
buildkit-syft-scanner,buildkit-image.yml,workflow,public,0,0,1,0,https://github.com/docker/buildkit-syft-scanner/blob/master/.github/workflows/buildkit-image.yml,https://github.com/docker/buildkit-syft-scanner
buildkit-syft-scanner,ci.yaml,workflow,public,0,0,3,0,https://github.com/docker/buildkit-syft-scanner/blob/master/.github/workflows/ci.yaml,https://github.com/docker/buildkit-syft-scanner
buildkit-syft-scanner,e2e.yml,workflow,public,0,0,2,0,https://github.com/docker/buildkit-syft-scanner/blob/master/.github/workflows/e2e.yml,https://github.com/docker/buildkit-syft-scanner
buildkit-syft-scanner,pr-assign-author.yml,workflow,public,0,0,1,0,https://github.com/docker/buildkit-syft-scanner/blob/master/.github/workflows/pr-assign-author.yml,https://github.com/docker/buildkit-syft-scanner
buildkit-syft-scanner,validate.yml,workflow,public,0,0,1,0,https://github.com/docker/buildkit-syft-scanner/blob/master/.github/workflows/validate.yml,https://github.com/docker/buildkit-syft-scanner
buildkit-syft-scanner,zizmor.yml,workflow,public,0,0,1,0,https://github.com/docker/buildkit-syft-scanner/blob/master/.github/workflows/zizmor.yml,https://github.com/docker/buildkit-syft-scanner
buildx,build.yml,workflow,public,0,0,9,0,https://github.com/docker/buildx/blob/master/.github/workflows/build.yml,https://github.com/docker/buildx
buildx,codeql.yml,workflow,public,0,0,1,0,https://github.com/docker/buildx/blob/master/.github/workflows/codeql.yml,https://github.com/docker/buildx
buildx,docs-release.yml,workflow,public,0,0,1,0,https://github.com/docker/buildx/blob/master/.github/workflows/docs-release.yml,https://github.com/docker/buildx
buildx,docs-upstream.yml,workflow,public,0,0,2,0,https://github.com/docker/buildx/blob/master/.github/workflows/docs-upstream.yml,https://github.com/docker/buildx
buildx,e2e.yml,workflow,public,0,0,3,0,https://github.com/docker/buildx/blob/master/.github/workflows/e2e.yml,https://github.com/docker/buildx
buildx,labeler.yml,workflow,public,0,0,1,0,https://github.com/docker/buildx/blob/master/.github/workflows/labeler.yml,https://github.com/docker/buildx
buildx,pr-assign-author.yml,workflow,public,0,0,1,0,https://github.com/docker/buildx/blob/master/.github/workflows/pr-assign-author.yml,https://github.com/docker/buildx
buildx,validate.yml,workflow,public,0,0,2,0,https://github.com/docker/buildx/blob/master/.github/workflows/validate.yml,https://github.com/docker/buildx
buildx,zizmor.yml,workflow,public,0,0,1,0,https://github.com/docker/buildx/blob/master/.github/workflows/zizmor.yml,https://github.com/docker/buildx
cagent-action,./action.yml,action,public,0,0,1,0,https://github.com/docker/cagent-action/blob/main/./action.yml,https://github.com/docker/cagent-action
cagent-action,.github/actions/mention-reply/action.yml,action,public,0,0,1,0,https://github.com/docker/cagent-action/blob/367a30ddb41e0156459d03750f508eac03f3c38a/.github/actions/mention-reply/action.yml,https://github.com/docker/cagent-action
cagent-action,.github/actions/mention-reply/action.yml,action,public,0,0,1,0,https://github.com/docker/cagent-action/blob/bec1eb10e0de86d49fb1f0223b48dd29861d4e17/.github/actions/mention-reply/action.yml,https://github.com/docker/cagent-action
cagent-action,.github/actions/mention-reply/action.yml,action,public,0,0,1,0,https://github.com/docker/cagent-action/blob/db555b0a409b50f8d4d1ae6869a8900e22c0ea5f/.github/actions/mention-reply/action.yml,https://github.com/docker/cagent-action
cagent-action,.github/actions/mention-reply/action.yml,action,public,0,0,1,0,https://github.com/docker/cagent-action/blob/4fb1ced781b79c28329bb5632a693345826facc6/.github/actions/mention-reply/action.yml,https://github.com/docker/cagent-action
cagent-action,.github/actions/setup-credentials/action.yml,action,public,0,0,1,0,https://github.com/docker/cagent-action/blob/35bc9e044b0410abd8b802ad207b33f8250d5ca8/.github/actions/setup-credentials/action.yml,https://github.com/docker/cagent-action
cagent-action,.github/actions/setup-credentials/action.yml,action,public,0,0,1,0,https://github.com/docker/cagent-action/blob/ba32b67bcd0919f88cd881862e01f916a39a3f03/.github/actions/setup-credentials/action.yml,https://github.com/docker/cagent-action
cagent-action,action.yml,action,public,0,0,1,0,https://github.com/docker/cagent-action/blob/367a30ddb41e0156459d03750f508eac03f3c38a/action.yml,https://github.com/docker/cagent-action
cagent-action,action.yml,action,public,0,0,1,0,https://github.com/docker/cagent-action/blob/3f5dc9969f307d3c76acb7e9ccaefdd96bd62f4b/action.yml,https://github.com/docker/cagent-action
cagent-action,action.yml,action,public,0,0,1,0,https://github.com/docker/cagent-action/blob/f208610469d69f20983cad64c577949a132caa33/action.yml,https://github.com/docker/cagent-action
cagent-action,action.yml,action,public,0,0,1,0,https://github.com/docker/cagent-action/blob/bd5439a1cabc3c448abf7a0d29b6f9a0d5fd4ec7/action.yml,https://github.com/docker/cagent-action
cagent-action,migrate-consumers.yml,workflow,public,0,0,1,0,https://github.com/docker/cagent-action/blob/main/.github/workflows/migrate-consumers.yml,https://github.com/docker/cagent-action
cagent-action,release.yml,workflow,public,0,0,4,0,https://github.com/docker/cagent-action/blob/main/.github/workflows/release.yml,https://github.com/docker/cagent-action
cagent-action,review-pr.yml,workflow,public,0,0,4,1,https://github.com/docker/cagent-action/blob/main/.github/workflows/review-pr.yml,https://github.com/docker/cagent-action
cagent-action,review-pr.yml,workflow,public,0,0,4,1,https://github.com/docker/cagent-action/blob/3f5dc9969f307d3c76acb7e9ccaefdd96bd62f4b/.github/workflows/review-pr.yml,https://github.com/docker/cagent-action
cagent-action,review-pr.yml,workflow,public,0,0,3,1,https://github.com/docker/cagent-action/blob/2369328cd25777eb0a4ff959a399b6d1a5204fc7/.github/workflows/review-pr.yml,https://github.com/docker/cagent-action
cagent-action,review-pr.yml,workflow,public,0,0,4,1,https://github.com/docker/cagent-action/blob/0498757af1c50b084f763d626f571918cf317509/.github/workflows/review-pr.yml,https://github.com/docker/cagent-action
cagent-action,review-pr.yml,workflow,public,0,0,4,1,https://github.com/docker/cagent-action/blob/f208610469d69f20983cad64c577949a132caa33/.github/workflows/review-pr.yml,https://github.com/docker/cagent-action
cagent-action,review-pr.yml,workflow,public,0,0,4,1,https://github.com/docker/cagent-action/blob/d98096f432f2aea5091c811852c4da804e60623a/.github/workflows/review-pr.yml,https://github.com/docker/cagent-action
cagent-action,review-pr/action.yml,action,public,0,0,1,0,https://github.com/docker/cagent-action/blob/367a30ddb41e0156459d03750f508eac03f3c38a/review-pr/action.yml,https://github.com/docker/cagent-action
cagent-action,review-pr/action.yml,action,public,0,0,1,0,https://github.com/docker/cagent-action/blob/bec1eb10e0de86d49fb1f0223b48dd29861d4e17/review-pr/action.yml,https://github.com/docker/cagent-action
cagent-action,review-pr/action.yml,action,public,0,0,1,0,https://github.com/docker/cagent-action/blob/35bc9e044b0410abd8b802ad207b33f8250d5ca8/review-pr/action.yml,https://github.com/docker/cagent-action
cagent-action,review-pr/action.yml,action,public,0,0,1,0,https://github.com/docker/cagent-action/blob/db555b0a409b50f8d4d1ae6869a8900e22c0ea5f/review-pr/action.yml,https://github.com/docker/cagent-action
cagent-action,review-pr/action.yml,action,public,0,0,1,0,https://github.com/docker/cagent-action/blob/4fb1ced781b79c28329bb5632a693345826facc6/review-pr/action.yml,https://github.com/docker/cagent-action
cagent-action,review-pr/action.yml,action,public,0,0,1,0,https://github.com/docker/cagent-action/blob/ba32b67bcd0919f88cd881862e01f916a39a3f03/review-pr/action.yml,https://github.com/docker/cagent-action
cagent-action,review-pr/mention-reply/action.yml,action,public,0,0,1,0,https://github.com/docker/cagent-action/blob/main/review-pr/mention-reply/action.yml,https://github.com/docker/cagent-action
cagent-action,review-pr/mention-reply/action.yml,action,public,0,0,1,0,https://github.com/docker/cagent-action/blob/367a30ddb41e0156459d03750f508eac03f3c38a/review-pr/mention-reply/action.yml,https://github.com/docker/cagent-action
cagent-action,review-pr/mention-reply/action.yml,action,public,0,0,1,0,https://github.com/docker/cagent-action/blob/bec1eb10e0de86d49fb1f0223b48dd29861d4e17/review-pr/mention-reply/action.yml,https://github.com/docker/cagent-action
cagent-action,review-pr/mention-reply/action.yml,action,public,0,0,1,0,https://github.com/docker/cagent-action/blob/db555b0a409b50f8d4d1ae6869a8900e22c0ea5f/review-pr/mention-reply/action.yml,https://github.com/docker/cagent-action
cagent-action,review-pr/mention-reply/action.yml,action,public,0,0,1,0,https://github.com/docker/cagent-action/blob/4fb1ced781b79c28329bb5632a693345826facc6/review-pr/mention-reply/action.yml,https://github.com/docker/cagent-action
cagent-action,review-pr/reply/action.yml,action,public,0,0,1,0,https://github.com/docker/cagent-action/blob/367a30ddb41e0156459d03750f508eac03f3c38a/review-pr/reply/action.yml,https://github.com/docker/cagent-action
cagent-action,review-pr/reply/action.yml,action,public,0,0,1,0,https://github.com/docker/cagent-action/blob/bec1eb10e0de86d49fb1f0223b48dd29861d4e17/review-pr/reply/action.yml,https://github.com/docker/cagent-action
cagent-action,review-pr/reply/action.yml,action,public,0,0,1,0,https://github.com/docker/cagent-action/blob/35bc9e044b0410abd8b802ad207b33f8250d5ca8/review-pr/reply/action.yml,https://github.com/docker/cagent-action
cagent-action,review-pr/reply/action.yml,action,public,0,0,1,0,https://github.com/docker/cagent-action/blob/db555b0a409b50f8d4d1ae6869a8900e22c0ea5f/review-pr/reply/action.yml,https://github.com/docker/cagent-action
cagent-action,review-pr/reply/action.yml,action,public,0,0,1,0,https://github.com/docker/cagent-action/blob/4fb1ced781b79c28329bb5632a693345826facc6/review-pr/reply/action.yml,https://github.com/docker/cagent-action
cagent-action,review-pr/reply/action.yml,action,public,0,0,1,0,https://github.com/docker/cagent-action/blob/ba32b67bcd0919f88cd881862e01f916a39a3f03/review-pr/reply/action.yml,https://github.com/docker/cagent-action
cagent-action,self-review-pr-trigger.yml,workflow,public,0,0,1,0,https://github.com/docker/cagent-action/blob/main/.github/workflows/self-review-pr-trigger.yml,https://github.com/docker/cagent-action
cagent-action,self-review-pr.yml,workflow,public,0,0,1,0,https://github.com/docker/cagent-action/blob/main/.github/workflows/self-review-pr.yml,https://github.com/docker/cagent-action
cagent-action,setup-credentials/action.yml,action,public,0,0,1,0,https://github.com/docker/cagent-action/blob/main/setup-credentials/action.yml,https://github.com/docker/cagent-action
cagent-action,setup-credentials/action.yml,action,public,0,0,1,0,https://github.com/docker/cagent-action/blob/367a30ddb41e0156459d03750f508eac03f3c38a/setup-credentials/action.yml,https://github.com/docker/cagent-action
cagent-action,setup-credentials/action.yml,action,public,0,0,1,0,https://github.com/docker/cagent-action/blob/bec1eb10e0de86d49fb1f0223b48dd29861d4e17/setup-credentials/action.yml,https://github.com/docker/cagent-action
cagent-action,setup-credentials/action.yml,action,public,0,0,1,0,https://github.com/docker/cagent-action/blob/db555b0a409b50f8d4d1ae6869a8900e22c0ea5f/setup-credentials/action.yml,https://github.com/docker/cagent-action
cagent-action,setup-credentials/action.yml,action,public,0,0,1,0,https://github.com/docker/cagent-action/blob/4fb1ced781b79c28329bb5632a693345826facc6/setup-credentials/action.yml,https://github.com/docker/cagent-action
cagent-action,test-e2e-reviewer.yml,workflow,public,0,0,3,0,https://github.com/docker/cagent-action/blob/main/.github/workflows/test-e2e-reviewer.yml,https://github.com/docker/cagent-action
cagent-action,test-e2e.yml,workflow,public,0,0,6,0,https://github.com/docker/cagent-action/blob/main/.github/workflows/test-e2e.yml,https://github.com/docker/cagent-action
cagent-action,test.yml,workflow,public,0,0,4,0,https://github.com/docker/cagent-action/blob/main/.github/workflows/test.yml,https://github.com/docker/cagent-action
cagent-action,update-consumers.yml,workflow,public,0,0,1,0,https://github.com/docker/cagent-action/blob/main/.github/workflows/update-consumers.yml,https://github.com/docker/cagent-action
cagent-action,update-docker-agent-version.yml,workflow,public,0,0,1,0,https://github.com/docker/cagent-action/blob/main/.github/workflows/update-docker-agent-version.yml,https://github.com/docker/cagent-action
cli,build.yml,workflow,public,0,0,5,0,https://github.com/docker/cli/blob/master/.github/workflows/build.yml,https://github.com/docker/cli
cli,codeql.yml,workflow,public,0,0,1,0,https://github.com/docker/cli/blob/master/.github/workflows/codeql.yml,https://github.com/docker/cli
cli,e2e.yml,workflow,public,0,0,1,0,https://github.com/docker/cli/blob/master/.github/workflows/e2e.yml,https://github.com/docker/cli
cli,pr-review-trigger.yml,workflow,public,0,0,1,0,https://github.com/docker/cli/blob/master/.github/workflows/pr-review-trigger.yml,https://github.com/docker/cli
cli,pr-review.yml,workflow,public,0,0,1,0,https://github.com/docker/cli/blob/master/.github/workflows/pr-review.yml,https://github.com/docker/cli
cli,test.yml,workflow,public,0,0,2,0,https://github.com/docker/cli/blob/master/.github/workflows/test.yml,https://github.com/docker/cli
cli,validate-milestone.yml,workflow,public,0,0,1,0,https://github.com/docker/cli/blob/master/.github/workflows/validate-milestone.yml,https://github.com/docker/cli
cli,validate-pr.yml,workflow,public,0,0,3,0,https://github.com/docker/cli/blob/master/.github/workflows/validate-pr.yml,https://github.com/docker/cli
cli,validate.yml,workflow,public,0,0,4,0,https://github.com/docker/cli/blob/master/.github/workflows/validate.yml,https://github.com/docker/cli
cli,zizmor.yml,workflow,public,0,0,1,0,https://github.com/docker/cli/blob/master/.github/workflows/zizmor.yml,https://github.com/docker/cli
cli-docs-tool,test.yml,workflow,public,0,0,4,0,https://github.com/docker/cli-docs-tool/blob/main/.github/workflows/test.yml,https://github.com/docker/cli-docs-tool
cli-docs-tool,zizmor.yml,workflow,public,0,0,1,0,https://github.com/docker/cli-docs-tool/blob/main/.github/workflows/zizmor.yml,https://github.com/docker/cli-docs-tool
compose,ci.yml,workflow,public,0,0,8,0,https://github.com/docker/compose/blob/main/.github/workflows/ci.yml,https://github.com/docker/compose
compose,docs-upstream.yml,workflow,public,0,0,2,0,https://github.com/docker/compose/blob/main/.github/workflows/docs-upstream.yml,https://github.com/docker/compose
compose,merge.yml,workflow,public,0,0,4,0,https://github.com/docker/compose/blob/main/.github/workflows/merge.yml,https://github.com/docker/compose
compose,pr-review-trigger.yml,workflow,public,0,0,1,0,https://github.com/docker/compose/blob/main/.github/workflows/pr-review-trigger.yml,https://github.com/docker/compose
compose,pr-review.yml,workflow,public,0,0,1,0,https://github.com/docker/compose/blob/main/.github/workflows/pr-review.yml,https://github.com/docker/compose
compose,scorecards.yml,workflow,public,0,0,1,0,https://github.com/docker/compose/blob/main/.github/workflows/scorecards.yml,https://github.com/docker/compose
compose,stale.yml,workflow,public,0,0,1,0,https://github.com/docker/compose/blob/main/.github/workflows/stale.yml,https://github.com/docker/compose
compose-bridge-transformer,transformer-images.yaml,workflow,public,0,0,4,0,https://github.com/docker/compose-bridge-transformer/blob/main/.github/workflows/transformer-images.yaml,https://github.com/docker/compose-bridge-transformer
compose-for-agents,.github/actions/setup-compose/action.yaml,action,public,0,0,1,0,https://github.com/docker/compose-for-agents/blob/main/.github/actions/setup-compose/action.yaml,https://github.com/docker/compose-for-agents
compose-for-agents,a2a.yaml,workflow,public,0,0,2,0,https://github.com/docker/compose-for-agents/blob/main/.github/workflows/a2a.yaml,https://github.com/docker/compose-for-agents
compose-for-agents,adk-cerebras.yaml,workflow,public,0,0,1,0,https://github.com/docker/compose-for-agents/blob/main/.github/workflows/adk-cerebras.yaml,https://github.com/docker/compose-for-agents
compose-for-agents,adk.yaml,workflow,public,0,0,2,0,https://github.com/docker/compose-for-agents/blob/main/.github/workflows/adk.yaml,https://github.com/docker/compose-for-agents
compose-for-agents,agno.yaml,workflow,public,0,0,2,0,https://github.com/docker/compose-for-agents/blob/main/.github/workflows/agno.yaml,https://github.com/docker/compose-for-agents
compose-for-agents,akka.yaml,workflow,public,0,0,1,0,https://github.com/docker/compose-for-agents/blob/main/.github/workflows/akka.yaml,https://github.com/docker/compose-for-agents
compose-for-agents,crew-ai.yaml,workflow,public,0,0,2,0,https://github.com/docker/compose-for-agents/blob/main/.github/workflows/crew-ai.yaml,https://github.com/docker/compose-for-agents
compose-for-agents,langgraph.yaml,workflow,public,0,0,2,0,https://github.com/docker/compose-for-agents/blob/main/.github/workflows/langgraph.yaml,https://github.com/docker/compose-for-agents
compose-for-agents,markdownlint.yaml,workflow,public,0,0,1,0,https://github.com/docker/compose-for-agents/blob/main/.github/workflows/markdownlint.yaml,https://github.com/docker/compose-for-agents
compose-for-agents,yamllint.yaml,workflow,public,0,0,1,0,https://github.com/docker/compose-for-agents/blob/main/.github/workflows/yamllint.yaml,https://github.com/docker/compose-for-agents
compose-language-service,info-needed-closer.yml,workflow,public,0,1,1,0,https://github.com/docker/compose-language-service/blob/main/.github/workflows/info-needed-closer.yml,https://github.com/docker/compose-language-service
compose-language-service,locker.yml,workflow,public,0,1,1,0,https://github.com/docker/compose-language-service/blob/main/.github/workflows/locker.yml,https://github.com/docker/compose-language-service
compose-language-service,main.yml,workflow,public,0,1,1,0,https://github.com/docker/compose-language-service/blob/main/.github/workflows/main.yml,https://github.com/docker/compose-language-service
compose-switch,ci.yml,workflow,public,0,0,1,0,https://github.com/docker/compose-switch/blob/master/.github/workflows/ci.yml,https://github.com/docker/compose-switch
compose-switch,release-weekly-build.yml,workflow,public,0,0,1,0,https://github.com/docker/compose-switch/blob/master/.github/workflows/release-weekly-build.yml,https://github.com/docker/compose-switch
dagster-poc,branch_deployments.yml,workflow,public,0,1,2,0,https://github.com/docker/dagster-poc/blob/main/.github/workflows/branch_deployments.yml,https://github.com/docker/dagster-poc
dagster-poc,deploy.yml,workflow,public,0,1,2,0,https://github.com/docker/dagster-poc/blob/main/.github/workflows/deploy.yml,https://github.com/docker/dagster-poc
desktop-action,ci.yaml,workflow,public,0,0,1,0,https://github.com/docker/desktop-action/blob/main/.github/workflows/ci.yaml,https://github.com/docker/desktop-action
desktop-action,start/action.yml,action,public,0,0,1,0,https://github.com/docker/desktop-action/blob/main/start/action.yml,https://github.com/docker/desktop-action
desktop-action,start/action.yml,action,public,0,0,1,0,https://github.com/docker/desktop-action/blob/ca8f1a94b6716d5b278b081b654fbb7cd0b8fdb3/start/action.yml,https://github.com/docker/desktop-action
desktop-cloud-provider,publish.yaml,workflow,public,0,1,1,0,https://github.com/docker/desktop-cloud-provider/blob/main/.github/workflows/publish.yaml,https://github.com/docker/desktop-cloud-provider
desktop-feedback,issue-labeler.yml,workflow,public,0,0,1,0,https://github.com/docker/desktop-feedback/blob/main/.github/workflows/issue-labeler.yml,https://github.com/docker/desktop-feedback
docker-agent,ci.yml,workflow,public,0,0,5,0,https://github.com/docker/docker-agent/blob/main/.github/workflows/ci.yml,https://github.com/docker/docker-agent
docker-agent,pr-review-trigger.yml,workflow,public,0,0,1,0,https://github.com/docker/docker-agent/blob/main/.github/workflows/pr-review-trigger.yml,https://github.com/docker/docker-agent
docker-agent,pr-review.yml,workflow,public,0,0,1,0,https://github.com/docker/docker-agent/blob/main/.github/workflows/pr-review.yml,https://github.com/docker/docker-agent
docker-agent,winget.yml,workflow,public,0,0,1,0,https://github.com/docker/docker-agent/blob/main/.github/workflows/winget.yml,https://github.com/docker/docker-agent
docker-agent-action,,action,unknown,0,0,0,0,https://github.com/docker/docker-agent-action/blob/367a30ddb41e0156459d03750f508eac03f3c38a/,https://github.com/docker/docker-agent-action
docker-agent-action,./action.yml,action,public,0,0,1,0,https://github.com/docker/docker-agent-action/blob/main/./action.yml,https://github.com/docker/docker-agent-action
docker-agent-action,.github/actions/mention-reply,action,unknown,0,0,0,0,https://github.com/docker/docker-agent-action/blob/367a30ddb41e0156459d03750f508eac03f3c38a/.github/actions/mention-reply,https://github.com/docker/docker-agent-action
docker-agent-action,migrate-consumers.yml,workflow,public,0,0,1,0,https://github.com/docker/docker-agent-action/blob/main/.github/workflows/migrate-consumers.yml,https://github.com/docker/docker-agent-action
docker-agent-action,release.yml,workflow,public,0,0,4,0,https://github.com/docker/docker-agent-action/blob/main/.github/workflows/release.yml,https://github.com/docker/docker-agent-action
docker-agent-action,review-pr,action,unknown,0,0,0,0,https://github.com/docker/docker-agent-action/blob/367a30ddb41e0156459d03750f508eac03f3c38a/review-pr,https://github.com/docker/docker-agent-action
docker-agent-action,review-pr.yml,workflow,public,0,0,4,1,https://github.com/docker/docker-agent-action/blob/main/.github/workflows/review-pr.yml,https://github.com/docker/docker-agent-action
docker-agent-action,review-pr/mention-reply,action,unknown,0,0,0,0,https://github.com/docker/docker-agent-action/blob/367a30ddb41e0156459d03750f508eac03f3c38a/review-pr/mention-reply,https://github.com/docker/docker-agent-action
docker-agent-action,review-pr/mention-reply/action.yml,action,public,0,0,1,0,https://github.com/docker/docker-agent-action/blob/main/review-pr/mention-reply/action.yml,https://github.com/docker/docker-agent-action
docker-agent-action,review-pr/reply,action,unknown,0,0,0,0,https://github.com/docker/docker-agent-action/blob/367a30ddb41e0156459d03750f508eac03f3c38a/review-pr/reply,https://github.com/docker/docker-agent-action
docker-agent-action,self-review-pr-trigger.yml,workflow,public,0,0,1,0,https://github.com/docker/docker-agent-action/blob/main/.github/workflows/self-review-pr-trigger.yml,https://github.com/docker/docker-agent-action
docker-agent-action,self-review-pr.yml,workflow,public,0,0,1,0,https://github.com/docker/docker-agent-action/blob/main/.github/workflows/self-review-pr.yml,https://github.com/docker/docker-agent-action
docker-agent-action,setup-credentials,action,unknown,0,0,0,0,https://github.com/docker/docker-agent-action/blob/367a30ddb41e0156459d03750f508eac03f3c38a/setup-credentials,https://github.com/docker/docker-agent-action
docker-agent-action,setup-credentials/action.yml,action,public,0,0,1,0,https://github.com/docker/docker-agent-action/blob/main/setup-credentials/action.yml,https://github.com/docker/docker-agent-action
docker-agent-action,test-e2e-reviewer.yml,workflow,public,0,0,3,0,https://github.com/docker/docker-agent-action/blob/main/.github/workflows/test-e2e-reviewer.yml,https://github.com/docker/docker-agent-action
docker-agent-action,test-e2e.yml,workflow,public,0,0,6,0,https://github.com/docker/docker-agent-action/blob/main/.github/workflows/test-e2e.yml,https://github.com/docker/docker-agent-action
docker-agent-action,test.yml,workflow,public,0,0,4,0,https://github.com/docker/docker-agent-action/blob/main/.github/workflows/test.yml,https://github.com/docker/docker-agent-action
docker-agent-action,update-consumers.yml,workflow,public,0,0,1,0,https://github.com/docker/docker-agent-action/blob/main/.github/workflows/update-consumers.yml,https://github.com/docker/docker-agent-action
docker-agent-action,update-docker-agent-version.yml,workflow,public,0,0,1,0,https://github.com/docker/docker-agent-action/blob/main/.github/workflows/update-docker-agent-version.yml,https://github.com/docker/docker-agent-action
docker-bench-security,issues.yml,workflow,public,0,0,1,0,https://github.com/docker/docker-bench-security/blob/master/.github/workflows/issues.yml,https://github.com/docker/docker-bench-security
docker-bench-security,slsa.yml,workflow,public,0,0,3,0,https://github.com/docker/docker-bench-security/blob/master/.github/workflows/slsa.yml,https://github.com/docker/docker-bench-security
docker-ce-packaging,ci.yml,workflow,public,0,0,2,0,https://github.com/docker/docker-ce-packaging/blob/master/.github/workflows/ci.yml,https://github.com/docker/docker-ce-packaging
docker-credential-helpers,build.yml,workflow,public,0,0,5,0,https://github.com/docker/docker-credential-helpers/blob/main/.github/workflows/build.yml,https://github.com/docker/docker-credential-helpers
docker-credential-helpers,zizmor.yml,workflow,public,0,0,1,0,https://github.com/docker/docker-credential-helpers/blob/main/.github/workflows/zizmor.yml,https://github.com/docker/docker-credential-helpers
docker-gs-ping,ci-cd.yml,workflow,public,0,1,1,0,https://github.com/docker/docker-gs-ping/blob/main/.github/workflows/ci-cd.yml,https://github.com/docker/docker-gs-ping
docker-gs-ping,ci-smoketest.yml,workflow,public,0,1,1,0,https://github.com/docker/docker-gs-ping/blob/main/.github/workflows/ci-smoketest.yml,https://github.com/docker/docker-gs-ping
docker-install,ci.yml,workflow,public,0,0,2,0,https://github.com/docker/docker-install/blob/master/.github/workflows/ci.yml,https://github.com/docker/docker-install
docker-install,diff.yml,workflow,public,0,0,1,0,https://github.com/docker/docker-install/blob/master/.github/workflows/diff.yml,https://github.com/docker/docker-install
docker-language-server,build.yml,workflow,public,0,0,9,0,https://github.com/docker/docker-language-server/blob/main/.github/workflows/build.yml,https://github.com/docker/docker-language-server
docker-language-server,prepare-release.yml,workflow,public,0,0,1,0,https://github.com/docker/docker-language-server/blob/main/.github/workflows/prepare-release.yml,https://github.com/docker/docker-language-server
docker-py,ci.yml,workflow,public,0,0,5,0,https://github.com/docker/docker-py/blob/main/.github/workflows/ci.yml,https://github.com/docker/docker-py
docker-py,release.yml,workflow,public,0,0,1,0,https://github.com/docker/docker-py/blob/main/.github/workflows/release.yml,https://github.com/docker/docker-py
docs,build.yml,workflow,public,0,0,3,0,https://github.com/docker/docs/blob/main/.github/workflows/build.yml,https://github.com/docker/docs
docs,deploy.yml,workflow,public,0,0,1,0,https://github.com/docker/docs/blob/main/.github/workflows/deploy.yml,https://github.com/docker/docs
docs,labeler.yml,workflow,public,0,0,1,0,https://github.com/docker/docs/blob/main/.github/workflows/labeler.yml,https://github.com/docker/docs
docs,nightly-docs-scan.yml,workflow,public,0,0,1,0,https://github.com/docker/docs/blob/main/.github/workflows/nightly-docs-scan.yml,https://github.com/docker/docs
docs,notify-release-notes-pr.yml,workflow,public,0,0,1,0,https://github.com/docker/docs/blob/main/.github/workflows/notify-release-notes-pr.yml,https://github.com/docker/docs
docs,pr-review-trigger.yml,workflow,public,0,0,1,0,https://github.com/docker/docs/blob/main/.github/workflows/pr-review-trigger.yml,https://github.com/docker/docs
docs,pr-review.yml,workflow,public,0,0,1,0,https://github.com/docker/docs/blob/main/.github/workflows/pr-review.yml,https://github.com/docker/docs
docs,release-notes-pr-trigger.yml,workflow,public,0,0,1,0,https://github.com/docker/docs/blob/main/.github/workflows/release-notes-pr-trigger.yml,https://github.com/docker/docs
docs,stale.yml,workflow,public,0,0,2,0,https://github.com/docker/docs/blob/main/.github/workflows/stale.yml,https://github.com/docker/docs
docs,sync-cli-docs.yml,workflow,public,0,0,1,0,https://github.com/docker/docs/blob/main/.github/workflows/sync-cli-docs.yml,https://github.com/docker/docs
docs,validate-upstream.yml,workflow,public,0,0,1,1,https://github.com/docker/docs/blob/main/.github/workflows/validate-upstream.yml,https://github.com/docker/docs
docs,validate-upstream.yml,workflow,public,0,0,1,1,https://github.com/docker/docs/blob/00aefd5eae73898c4d3bcd7a6fe95a039293706b/.github/workflows/validate-upstream.yml,https://github.com/docker/docs
envoy,_check_runtime.yml,workflow,public,1,1,1,1,https://github.com/docker/envoy/blob/main/.github/workflows/_check_runtime.yml,https://github.com/docker/envoy
envoy,_load_env.yml,workflow,public,1,1,0,0,https://github.com/docker/envoy/blob/main/.github/workflows/_load_env.yml,https://github.com/docker/envoy
envoy,_precheck_external.yml,workflow,public,1,1,1,1,https://github.com/docker/envoy/blob/main/.github/workflows/_precheck_external.yml,https://github.com/docker/envoy
envoy,_run.yml,workflow,public,1,1,0,0,https://github.com/docker/envoy/blob/main/.github/workflows/_run.yml,https://github.com/docker/envoy
envoy,_upload_gcs.yml,workflow,public,1,1,1,1,https://github.com/docker/envoy/blob/main/.github/workflows/_upload_gcs.yml,https://github.com/docker/envoy
envoy,copilot-setup-steps.yml,workflow,public,1,1,1,0,https://github.com/docker/envoy/blob/main/.github/workflows/copilot-setup-steps.yml,https://github.com/docker/envoy
envoy,envoy-deflake.yml,workflow,public,1,1,2,0,https://github.com/docker/envoy/blob/main/.github/workflows/envoy-deflake.yml,https://github.com/docker/envoy
eventsource,build.yml,workflow,public,0,1,1,0,https://github.com/docker/eventsource/blob/master/.github/workflows/build.yml,https://github.com/docker/eventsource
extensions-sdk,ci.yaml,workflow,public,0,0,2,0,https://github.com/docker/extensions-sdk/blob/main/.github/workflows/ci.yaml,https://github.com/docker/extensions-sdk
extensions-submissions,tos.yaml,workflow,public,0,0,7,0,https://github.com/docker/extensions-submissions/blob/main/.github/workflows/tos.yaml,https://github.com/docker/extensions-submissions
extensions-submissions,validation.yaml,workflow,public,0,0,7,1,https://github.com/docker/extensions-submissions/blob/main/.github/workflows/validation.yaml,https://github.com/docker/extensions-submissions
getting-started,build.yml,workflow,public,0,0,1,0,https://github.com/docker/getting-started/blob/master/.github/workflows/build.yml,https://github.com/docker/getting-started
ghaction-dump-context,./action.yml,action,public,0,1,1,0,https://github.com/docker/ghaction-dump-context/blob/master/./action.yml,https://github.com/docker/ghaction-dump-context
ghaction-dump-context,ci.yml,workflow,public,0,1,1,0,https://github.com/docker/ghaction-dump-context/blob/master/.github/workflows/ci.yml,https://github.com/docker/ghaction-dump-context
ghaction-dump-context,labels.yml,workflow,public,0,1,1,0,https://github.com/docker/ghaction-dump-context/blob/master/.github/workflows/labels.yml,https://github.com/docker/ghaction-dump-context
github-builder,.pr-assign-author.yml,workflow,public,0,0,1,0,https://github.com/docker/github-builder/blob/main/.github/workflows/.pr-assign-author.yml,https://github.com/docker/github-builder
github-builder,.test-bake.yml,workflow,public,0,0,36,0,https://github.com/docker/github-builder/blob/main/.github/workflows/.test-bake.yml,https://github.com/docker/github-builder
github-builder,.test-build.yml,workflow,public,0,0,37,0,https://github.com/docker/github-builder/blob/main/.github/workflows/.test-build.yml,https://github.com/docker/github-builder
github-builder,.update-deps.yml,workflow,public,0,0,1,0,https://github.com/docker/github-builder/blob/main/.github/workflows/.update-deps.yml,https://github.com/docker/github-builder
github-builder,.zizmor.yml,workflow,public,0,0,1,0,https://github.com/docker/github-builder/blob/main/.github/workflows/.zizmor.yml,https://github.com/docker/github-builder
github-builder,bake.yml,workflow,public,0,0,3,1,https://github.com/docker/github-builder/blob/main/.github/workflows/bake.yml,https://github.com/docker/github-builder
github-builder,bake.yml,workflow,public,0,0,3,1,https://github.com/docker/github-builder/blob/073833262a23a17675c95c4541ab063b7646756b/.github/workflows/bake.yml,https://github.com/docker/github-builder
github-builder,bake.yml,workflow,public,0,0,3,1,https://github.com/docker/github-builder/blob/5f637c833aa76bc99372a1dc9a6f8bcd8056fb85/.github/workflows/bake.yml,https://github.com/docker/github-builder
github-builder,bake.yml,workflow,public,0,0,3,1,https://github.com/docker/github-builder/blob/70313223e2665c3211b454b3fea6534624e78d64/.github/workflows/bake.yml,https://github.com/docker/github-builder
github-builder,build.yml,workflow,public,0,0,3,1,https://github.com/docker/github-builder/blob/main/.github/workflows/build.yml,https://github.com/docker/github-builder
github-builder,verify.yml,workflow,public,0,0,1,1,https://github.com/docker/github-builder/blob/main/.github/workflows/verify.yml,https://github.com/docker/github-builder
go-connections,test.yml,workflow,public,0,0,1,0,https://github.com/docker/go-connections/blob/main/.github/workflows/test.yml,https://github.com/docker/go-connections
go-containerregistry,analyze.yaml,workflow,public,0,1,1,0,https://github.com/docker/go-containerregistry/blob/main/.github/workflows/analyze.yaml,https://github.com/docker/go-containerregistry
go-containerregistry,boilerplate.yaml,workflow,public,0,1,1,0,https://github.com/docker/go-containerregistry/blob/main/.github/workflows/boilerplate.yaml,https://github.com/docker/go-containerregistry
go-containerregistry,build.yaml,workflow,public,0,1,1,0,https://github.com/docker/go-containerregistry/blob/main/.github/workflows/build.yaml,https://github.com/docker/go-containerregistry
go-containerregistry,bump-deps.yaml,workflow,public,0,1,1,0,https://github.com/docker/go-containerregistry/blob/main/.github/workflows/bump-deps.yaml,https://github.com/docker/go-containerregistry
go-containerregistry,donotsubmit.yaml,workflow,public,0,1,1,0,https://github.com/docker/go-containerregistry/blob/main/.github/workflows/donotsubmit.yaml,https://github.com/docker/go-containerregistry
go-containerregistry,e2e.yaml,workflow,public,0,1,1,0,https://github.com/docker/go-containerregistry/blob/main/.github/workflows/e2e.yaml,https://github.com/docker/go-containerregistry
go-containerregistry,ecr-auth.yaml,workflow,public,0,1,2,0,https://github.com/docker/go-containerregistry/blob/main/.github/workflows/ecr-auth.yaml,https://github.com/docker/go-containerregistry
go-containerregistry,ghcr-auth.yaml,workflow,public,0,1,1,0,https://github.com/docker/go-containerregistry/blob/main/.github/workflows/ghcr-auth.yaml,https://github.com/docker/go-containerregistry
go-containerregistry,presubmit.yaml,workflow,public,0,1,1,0,https://github.com/docker/go-containerregistry/blob/main/.github/workflows/presubmit.yaml,https://github.com/docker/go-containerregistry
go-containerregistry,release.yml,workflow,public,0,1,3,0,https://github.com/docker/go-containerregistry/blob/main/.github/workflows/release.yml,https://github.com/docker/go-containerregistry
go-containerregistry,stale.yaml,workflow,public,0,1,1,0,https://github.com/docker/go-containerregistry/blob/main/.github/workflows/stale.yaml,https://github.com/docker/go-containerregistry
go-containerregistry,style.yaml,workflow,public,0,1,2,0,https://github.com/docker/go-containerregistry/blob/main/.github/workflows/style.yaml,https://github.com/docker/go-containerregistry
go-containerregistry,test.yaml,workflow,public,0,1,1,0,https://github.com/docker/go-containerregistry/blob/main/.github/workflows/test.yaml,https://github.com/docker/go-containerregistry
go-events,ci.yml,workflow,public,0,0,3,0,https://github.com/docker/go-events/blob/main/.github/workflows/ci.yml,https://github.com/docker/go-events
go-events,codeql.yml,workflow,public,0,0,1,0,https://github.com/docker/go-events/blob/main/.github/workflows/codeql.yml,https://github.com/docker/go-events
go-imageinspect,ci.yml,workflow,public,0,0,2,0,https://github.com/docker/go-imageinspect/blob/main/.github/workflows/ci.yml,https://github.com/docker/go-imageinspect
go-plugins-helpers,ci.yaml,workflow,public,0,0,1,0,https://github.com/docker/go-plugins-helpers/blob/main/.github/workflows/ci.yaml,https://github.com/docker/go-plugins-helpers
go-sdk,ci-benchmarks.yml,workflow,public,0,0,1,1,https://github.com/docker/go-sdk/blob/main/.github/workflows/ci-benchmarks.yml,https://github.com/docker/go-sdk
go-sdk,ci-lint-go.yml,workflow,public,0,0,1,1,https://github.com/docker/go-sdk/blob/main/.github/workflows/ci-lint-go.yml,https://github.com/docker/go-sdk
go-sdk,ci-test-go.yml,workflow,public,0,0,1,1,https://github.com/docker/go-sdk/blob/main/.github/workflows/ci-test-go.yml,https://github.com/docker/go-sdk
go-sdk,ci.yml,workflow,public,0,0,5,0,https://github.com/docker/go-sdk/blob/main/.github/workflows/ci.yml,https://github.com/docker/go-sdk
go-sdk,conventions.yml,workflow,public,0,0,1,0,https://github.com/docker/go-sdk/blob/main/.github/workflows/conventions.yml,https://github.com/docker/go-sdk
go-sdk,release-drafter.yml,workflow,public,0,0,2,0,https://github.com/docker/go-sdk/blob/main/.github/workflows/release-drafter.yml,https://github.com/docker/go-sdk
go-sdk,release.yml,workflow,public,0,0,2,0,https://github.com/docker/go-sdk/blob/main/.github/workflows/release.yml,https://github.com/docker/go-sdk
go-sdk,sonar-bulk-operations.yml,workflow,public,0,0,1,0,https://github.com/docker/go-sdk/blob/main/.github/workflows/sonar-bulk-operations.yml,https://github.com/docker/go-sdk
go-sdk,sonar-create-project.yml,workflow,public,0,0,1,0,https://github.com/docker/go-sdk/blob/main/.github/workflows/sonar-create-project.yml,https://github.com/docker/go-sdk
go-sdk,sonar-delete-project.yml,workflow,public,0,0,1,0,https://github.com/docker/go-sdk/blob/main/.github/workflows/sonar-delete-project.yml,https://github.com/docker/go-sdk
go-units,test.yml,workflow,public,0,0,1,0,https://github.com/docker/go-units/blob/main/.github/workflows/test.yml,https://github.com/docker/go-units
go-winio,ci.yml,workflow,public,0,1,4,0,https://github.com/docker/go-winio/blob/main/.github/workflows/ci.yml,https://github.com/docker/go-winio
hello-genai,pr-review-trigger.yml,workflow,public,0,0,1,0,https://github.com/docker/hello-genai/blob/main/.github/workflows/pr-review-trigger.yml,https://github.com/docker/hello-genai
hello-genai,pr-review.yml,workflow,public,0,0,1,0,https://github.com/docker/hello-genai/blob/main/.github/workflows/pr-review.yml,https://github.com/docker/hello-genai
hello-genai,smoke-tests.yml,workflow,public,0,0,1,0,https://github.com/docker/hello-genai/blob/main/.github/workflows/smoke-tests.yml,https://github.com/docker/hello-genai
homebrew-tap,pr-validation.yml,workflow,public,0,0,2,0,https://github.com/docker/homebrew-tap/blob/main/.github/workflows/pr-validation.yml,https://github.com/docker/homebrew-tap
homebrew-tap,validate-cask/action.yml,action,public,0,0,1,0,https://github.com/docker/homebrew-tap/blob/main/validate-cask/action.yml,https://github.com/docker/homebrew-tap
hub-feedback,issues_bot.yml,workflow,public,0,0,1,0,https://github.com/docker/hub-feedback/blob/main/.github/workflows/issues_bot.yml,https://github.com/docker/hub-feedback
hub-feedback,set_new_label_and_comment.yml,workflow,public,0,0,1,0,https://github.com/docker/hub-feedback/blob/main/.github/workflows/set_new_label_and_comment.yml,https://github.com/docker/hub-feedback
hub-mcp,lint.yml,workflow,public,0,0,1,0,https://github.com/docker/hub-mcp/blob/main/.github/workflows/lint.yml,https://github.com/docker/hub-mcp
hub-mcp,release.yml,workflow,public,0,0,1,0,https://github.com/docker/hub-mcp/blob/main/.github/workflows/release.yml,https://github.com/docker/hub-mcp
hub-mcp,scorecard.yml,workflow,public,0,0,1,0,https://github.com/docker/hub-mcp/blob/main/.github/workflows/scorecard.yml,https://github.com/docker/hub-mcp
hub-mcp,tools-list.yml,workflow,public,0,0,1,0,https://github.com/docker/hub-mcp/blob/main/.github/workflows/tools-list.yml,https://github.com/docker/hub-mcp
hub-tool,build-pr.yml,workflow,public,1,0,2,0,https://github.com/docker/hub-tool/blob/main/.github/workflows/build-pr.yml,https://github.com/docker/hub-tool
hub-tool,release-weekly-build.yml,workflow,public,1,0,4,0,https://github.com/docker/hub-tool/blob/main/.github/workflows/release-weekly-build.yml,https://github.com/docker/hub-tool
iceberg-go,asf-allowlist-check.yml,workflow,public,0,1,1,0,https://github.com/docker/iceberg-go/blob/main/.github/workflows/asf-allowlist-check.yml,https://github.com/docker/iceberg-go
iceberg-go,audit-and-verify.yml,workflow,public,0,1,1,0,https://github.com/docker/iceberg-go/blob/main/.github/workflows/audit-and-verify.yml,https://github.com/docker/iceberg-go
iceberg-go,codeql.yml,workflow,public,0,1,1,0,https://github.com/docker/iceberg-go/blob/main/.github/workflows/codeql.yml,https://github.com/docker/iceberg-go
iceberg-go,go-ci.yml,workflow,public,0,1,1,0,https://github.com/docker/iceberg-go/blob/main/.github/workflows/go-ci.yml,https://github.com/docker/iceberg-go
iceberg-go,go-integration.yml,workflow,public,0,1,1,0,https://github.com/docker/iceberg-go/blob/main/.github/workflows/go-integration.yml,https://github.com/docker/iceberg-go
iceberg-go,go-release-docs.yml,workflow,public,0,1,1,0,https://github.com/docker/iceberg-go/blob/main/.github/workflows/go-release-docs.yml,https://github.com/docker/iceberg-go
iceberg-go,labeler.yml,workflow,public,0,1,1,0,https://github.com/docker/iceberg-go/blob/main/.github/workflows/labeler.yml,https://github.com/docker/iceberg-go
iceberg-go,license_check.yml,workflow,public,0,1,1,0,https://github.com/docker/iceberg-go/blob/main/.github/workflows/license_check.yml,https://github.com/docker/iceberg-go
iceberg-go,rc.yml,workflow,public,0,1,2,0,https://github.com/docker/iceberg-go/blob/main/.github/workflows/rc.yml,https://github.com/docker/iceberg-go
iceberg-go,zizmor.yml,workflow,public,0,1,1,0,https://github.com/docker/iceberg-go/blob/main/.github/workflows/zizmor.yml,https://github.com/docker/iceberg-go
inference-engine-vllm,build.yml,workflow,public,1,0,2,0,https://github.com/docker/inference-engine-vllm/blob/main/.github/workflows/build.yml,https://github.com/docker/inference-engine-vllm
kind,.github/actions/setup-env/action.yaml,action,public,1,1,1,0,https://github.com/docker/kind/blob/main/.github/actions/setup-env/action.yaml,https://github.com/docker/kind
kind,docker.yaml,workflow,public,1,1,1,0,https://github.com/docker/kind/blob/main/.github/workflows/docker.yaml,https://github.com/docker/kind
kind,nerdctl.yaml,workflow,public,1,1,1,0,https://github.com/docker/kind/blob/main/.github/workflows/nerdctl.yaml,https://github.com/docker/kind
kind,podman.yml,workflow,public,1,1,1,0,https://github.com/docker/kind/blob/main/.github/workflows/podman.yml,https://github.com/docker/kind
kind,vm.yaml,workflow,public,1,1,1,0,https://github.com/docker/kind/blob/main/.github/workflows/vm.yaml,https://github.com/docker/kind
labs-ai-tools-for-devs,extension.yml,workflow,public,0,0,1,0,https://github.com/docker/labs-ai-tools-for-devs/blob/main/.github/workflows/extension.yml,https://github.com/docker/labs-ai-tools-for-devs
labs-ai-tools-for-devs,prompts-docker.yml,workflow,public,0,0,1,0,https://github.com/docker/labs-ai-tools-for-devs/blob/main/.github/workflows/prompts-docker.yml,https://github.com/docker/labs-ai-tools-for-devs
labs-ai-tools-for-devs,test-extension.yml,workflow,public,0,0,1,0,https://github.com/docker/labs-ai-tools-for-devs/blob/main/.github/workflows/test-extension.yml,https://github.com/docker/labs-ai-tools-for-devs
labs-ai-tools-vscode,build-release.yml,workflow,public,0,0,1,0,https://github.com/docker/labs-ai-tools-vscode/blob/main/.github/workflows/build-release.yml,https://github.com/docker/labs-ai-tools-vscode
labs-ai-tools-vscode,extension-tests.yml,workflow,public,0,0,1,0,https://github.com/docker/labs-ai-tools-vscode/blob/main/.github/workflows/extension-tests.yml,https://github.com/docker/labs-ai-tools-vscode
labs-tape,ci.yaml,workflow,public,0,0,1,0,https://github.com/docker/labs-tape/blob/main/.github/workflows/ci.yaml,https://github.com/docker/labs-tape
libkv,dummy.yml,workflow,public,0,0,1,0,https://github.com/docker/libkv/blob/master/.github/workflows/dummy.yml,https://github.com/docker/libkv
login-action,./action.yml,action,public,0,0,1,0,https://github.com/docker/login-action/blob/master/./action.yml,https://github.com/docker/login-action
login-action,action.yml,action,public,0,0,1,0,https://github.com/docker/login-action/blob/184bdaa0721073962dff0199f1fb9940f07167d1/action.yml,https://github.com/docker/login-action
login-action,action.yml,action,public,0,0,1,0,https://github.com/docker/login-action/blob/5e57cd118135c172c3672efd75eb46360885c0ef/action.yml,https://github.com/docker/login-action
login-action,action.yml,action,public,0,0,1,0,https://github.com/docker/login-action/blob/650006c6eb7dba73a995cc03b0b2d7f5ca915bee/action.yml,https://github.com/docker/login-action
login-action,action.yml,action,public,0,0,1,0,https://github.com/docker/login-action/blob/650006c6eb7dba73a995cc03b0b2d7f5ca915bee/action.yml,https://github.com/docker/login-action
login-action,action.yml,action,public,0,0,1,0,https://github.com/docker/login-action/blob/28218f9b04b4f3f62068d7b6ce6ca5b26e35336c/action.yml,https://github.com/docker/login-action
login-action,action.yml,action,public,0,0,1,0,https://github.com/docker/login-action/blob/c94ce9fb468520275223c153574b00df6fe4bcc9/action.yml,https://github.com/docker/login-action
login-action,action.yml,action,public,0,0,1,0,https://github.com/docker/login-action/blob/v2/action.yml,https://github.com/docker/login-action
login-action,action.yml,action,public,0,0,1,0,https://github.com/docker/login-action/blob/465a07811f14bebb1938fbed4728c6a1ff8901fc/action.yml,https://github.com/docker/login-action
login-action,action.yml,action,public,0,0,1,0,https://github.com/docker/login-action/blob/v3/action.yml,https://github.com/docker/login-action
login-action,action.yml,action,public,0,0,1,0,https://github.com/docker/login-action/blob/4907a6ddec9925e35a0a9e82d7399ccc52663121/action.yml,https://github.com/docker/login-action
login-action,action.yml,action,public,0,0,1,0,https://github.com/docker/login-action/blob/b45d80f862d83dbcd57f89517bcf500b2ab88fb2/action.yml,https://github.com/docker/login-action
login-action,ci.yml,workflow,public,0,0,23,0,https://github.com/docker/login-action/blob/master/.github/workflows/ci.yml,https://github.com/docker/login-action
login-action,codeql.yml,workflow,public,0,0,1,0,https://github.com/docker/login-action/blob/master/.github/workflows/codeql.yml,https://github.com/docker/login-action
login-action,pr-assign-author.yml,workflow,public,0,0,1,0,https://github.com/docker/login-action/blob/master/.github/workflows/pr-assign-author.yml,https://github.com/docker/login-action
login-action,publish.yml,workflow,public,0,0,1,0,https://github.com/docker/login-action/blob/master/.github/workflows/publish.yml,https://github.com/docker/login-action
login-action,test.yml,workflow,public,0,0,1,0,https://github.com/docker/login-action/blob/master/.github/workflows/test.yml,https://github.com/docker/login-action
login-action,update-dist.yml,workflow,public,0,0,1,0,https://github.com/docker/login-action/blob/master/.github/workflows/update-dist.yml,https://github.com/docker/login-action
login-action,validate.yml,workflow,public,0,0,2,0,https://github.com/docker/login-action/blob/master/.github/workflows/validate.yml,https://github.com/docker/login-action
login-action,zizmor.yml,workflow,public,0,0,1,0,https://github.com/docker/login-action/blob/master/.github/workflows/zizmor.yml,https://github.com/docker/login-action
mcp-community-registry,cancel-pulumi-lock.yml,workflow,public,0,1,1,0,https://github.com/docker/mcp-community-registry/blob/main/.github/workflows/cancel-pulumi-lock.yml,https://github.com/docker/mcp-community-registry
mcp-community-registry,ci.yml,workflow,public,0,1,2,0,https://github.com/docker/mcp-community-registry/blob/main/.github/workflows/ci.yml,https://github.com/docker/mcp-community-registry
mcp-community-registry,claude.yml,workflow,public,0,1,1,0,https://github.com/docker/mcp-community-registry/blob/main/.github/workflows/claude.yml,https://github.com/docker/mcp-community-registry
mcp-community-registry,deploy-production.yml,workflow,public,0,1,1,0,https://github.com/docker/mcp-community-registry/blob/main/.github/workflows/deploy-production.yml,https://github.com/docker/mcp-community-registry
mcp-community-registry,deploy-staging.yml,workflow,public,0,1,2,0,https://github.com/docker/mcp-community-registry/blob/main/.github/workflows/deploy-staging.yml,https://github.com/docker/mcp-community-registry
mcp-community-registry,release.yml,workflow,public,0,1,2,0,https://github.com/docker/mcp-community-registry/blob/main/.github/workflows/release.yml,https://github.com/docker/mcp-community-registry
mcp-community-registry,sync-db.yml,workflow,public,0,1,1,0,https://github.com/docker/mcp-community-registry/blob/main/.github/workflows/sync-db.yml,https://github.com/docker/mcp-community-registry
mcp-gateway,ci.yml,workflow,public,0,0,1,0,https://github.com/docker/mcp-gateway/blob/main/.github/workflows/ci.yml,https://github.com/docker/mcp-gateway
mcp-gateway,codeql.yml,workflow,public,0,0,1,0,https://github.com/docker/mcp-gateway/blob/main/.github/workflows/codeql.yml,https://github.com/docker/mcp-gateway
mcp-gateway,main.yml,workflow,public,0,0,1,0,https://github.com/docker/mcp-gateway/blob/main/.github/workflows/main.yml,https://github.com/docker/mcp-gateway
mcp-gateway,validate.yml,workflow,public,0,0,2,0,https://github.com/docker/mcp-gateway/blob/main/.github/workflows/validate.yml,https://github.com/docker/mcp-gateway
mcp-gateway-oauth-helpers,ci.yml,workflow,public,0,0,2,0,https://github.com/docker/mcp-gateway-oauth-helpers/blob/main/.github/workflows/ci.yml,https://github.com/docker/mcp-gateway-oauth-helpers
mcp-inspector,main.yml,workflow,public,0,1,2,0,https://github.com/docker/mcp-inspector/blob/main/.github/workflows/main.yml,https://github.com/docker/mcp-inspector
mcp-registry,auto-merge-pins.yaml,workflow,public,0,0,1,0,https://github.com/docker/mcp-registry/blob/main/.github/workflows/auto-merge-pins.yaml,https://github.com/docker/mcp-registry
mcp-registry,ci.yaml,workflow,public,0,0,1,0,https://github.com/docker/mcp-registry/blob/main/.github/workflows/ci.yaml,https://github.com/docker/mcp-registry
mcp-registry,security-review-changes.yaml,workflow,public,0,0,1,0,https://github.com/docker/mcp-registry/blob/main/.github/workflows/security-review-changes.yaml,https://github.com/docker/mcp-registry
mcp-registry,security-review-manual.yaml,workflow,public,0,0,1,0,https://github.com/docker/mcp-registry/blob/main/.github/workflows/security-review-manual.yaml,https://github.com/docker/mcp-registry
mcp-registry,security-review-trigger.yaml,workflow,public,0,0,1,0,https://github.com/docker/mcp-registry/blob/main/.github/workflows/security-review-trigger.yaml,https://github.com/docker/mcp-registry
mcp-registry,update-pins.yaml,workflow,public,0,0,1,0,https://github.com/docker/mcp-registry/blob/main/.github/workflows/update-pins.yaml,https://github.com/docker/mcp-registry
metadata-action,./action.yml,action,public,0,0,1,0,https://github.com/docker/metadata-action/blob/master/./action.yml,https://github.com/docker/metadata-action
metadata-action,action.yml,action,public,0,0,1,0,https://github.com/docker/metadata-action/blob/c1e51972afc2121e065aed6d45c65596fe445f3f/action.yml,https://github.com/docker/metadata-action
metadata-action,action.yml,action,public,0,0,1,0,https://github.com/docker/metadata-action/blob/80c7e94dd9b9319bd5eb7a0e0fe9291e23a2a2e9/action.yml,https://github.com/docker/metadata-action
metadata-action,action.yml,action,public,0,0,1,0,https://github.com/docker/metadata-action/blob/80c7e94dd9b9319bd5eb7a0e0fe9291e23a2a2e9/action.yml,https://github.com/docker/metadata-action
metadata-action,action.yml,action,public,0,0,1,0,https://github.com/docker/metadata-action/blob/98669ae865ea3cffbcbaa878cf57c20bbf1c6c38/action.yml,https://github.com/docker/metadata-action
metadata-action,action.yml,action,public,0,0,1,0,https://github.com/docker/metadata-action/blob/c299e40c65443455700f0fdfc63efafe5b349051/action.yml,https://github.com/docker/metadata-action
metadata-action,action.yml,action,public,0,0,1,0,https://github.com/docker/metadata-action/blob/v4/action.yml,https://github.com/docker/metadata-action
metadata-action,action.yml,action,public,0,0,1,0,https://github.com/docker/metadata-action/blob/v5/action.yml,https://github.com/docker/metadata-action
metadata-action,action.yml,action,public,0,0,1,0,https://github.com/docker/metadata-action/blob/030e881283bb7a6894de51c315a6bfe6a94e05cf/action.yml,https://github.com/docker/metadata-action
metadata-action,ci.yml,workflow,public,0,0,20,0,https://github.com/docker/metadata-action/blob/master/.github/workflows/ci.yml,https://github.com/docker/metadata-action
metadata-action,codeql.yml,workflow,public,0,0,1,0,https://github.com/docker/metadata-action/blob/master/.github/workflows/codeql.yml,https://github.com/docker/metadata-action
metadata-action,pr-assign-author.yml,workflow,public,0,0,1,0,https://github.com/docker/metadata-action/blob/master/.github/workflows/pr-assign-author.yml,https://github.com/docker/metadata-action
metadata-action,publish.yml,workflow,public,0,0,1,0,https://github.com/docker/metadata-action/blob/master/.github/workflows/publish.yml,https://github.com/docker/metadata-action
metadata-action,test.yml,workflow,public,0,0,1,0,https://github.com/docker/metadata-action/blob/master/.github/workflows/test.yml,https://github.com/docker/metadata-action
metadata-action,update-dist.yml,workflow,public,0,0,1,0,https://github.com/docker/metadata-action/blob/master/.github/workflows/update-dist.yml,https://github.com/docker/metadata-action
metadata-action,validate.yml,workflow,public,0,0,2,0,https://github.com/docker/metadata-action/blob/master/.github/workflows/validate.yml,https://github.com/docker/metadata-action
metadata-action,zizmor.yml,workflow,public,0,0,1,0,https://github.com/docker/metadata-action/blob/master/.github/workflows/zizmor.yml,https://github.com/docker/metadata-action
model-cards,generate-model-card.yml,workflow,public,1,0,1,0,https://github.com/docker/model-cards/blob/main/.github/workflows/generate-model-card.yml,https://github.com/docker/model-cards
model-cards,publish-model-card.yml,workflow,public,1,0,1,0,https://github.com/docker/model-cards/blob/main/.github/workflows/publish-model-card.yml,https://github.com/docker/model-cards
model-runner,.github/actions/load-go-version/action.yml,action,public,0,0,1,0,https://github.com/docker/model-runner/blob/main/.github/actions/load-go-version/action.yml,https://github.com/docker/model-runner
model-runner,bump-llamacpp.yml,workflow,public,0,0,1,0,https://github.com/docker/model-runner/blob/main/.github/workflows/bump-llamacpp.yml,https://github.com/docker/model-runner
model-runner,ci.yml,workflow,public,0,0,2,0,https://github.com/docker/model-runner/blob/main/.github/workflows/ci.yml,https://github.com/docker/model-runner
model-runner,cli-validate.yml,workflow,public,0,0,2,0,https://github.com/docker/model-runner/blob/main/.github/workflows/cli-validate.yml,https://github.com/docker/model-runner
model-runner,dmr-daily-check.yml,workflow,public,0,0,1,0,https://github.com/docker/model-runner/blob/main/.github/workflows/dmr-daily-check.yml,https://github.com/docker/model-runner
model-runner,e2e-test.yml,workflow,public,0,0,1,0,https://github.com/docker/model-runner/blob/main/.github/workflows/e2e-test.yml,https://github.com/docker/model-runner
model-runner,integration-test.yml,workflow,public,0,0,1,0,https://github.com/docker/model-runner/blob/main/.github/workflows/integration-test.yml,https://github.com/docker/model-runner
model-runner,release.yml,workflow,public,0,0,8,0,https://github.com/docker/model-runner/blob/main/.github/workflows/release.yml,https://github.com/docker/model-runner
node-sdk,ci.yml,workflow,public,0,0,3,0,https://github.com/docker/node-sdk/blob/main/.github/workflows/ci.yml,https://github.com/docker/node-sdk
node-sdk,release.yml,workflow,public,0,0,1,0,https://github.com/docker/node-sdk/blob/main/.github/workflows/release.yml,https://github.com/docker/node-sdk
notary-official-images,ci.yml,workflow,public,1,0,1,0,https://github.com/docker/notary-official-images/blob/master/.github/workflows/ci.yml,https://github.com/docker/notary-official-images
oci,oci-lint.yml,workflow,public,0,0,1,0,https://github.com/docker/oci/blob/main/.github/workflows/oci-lint.yml,https://github.com/docker/oci
oci,oci-tag.yml,workflow,public,0,0,1,0,https://github.com/docker/oci/blob/main/.github/workflows/oci-tag.yml,https://github.com/docker/oci
oci,oci-test.yml,workflow,public,0,0,1,0,https://github.com/docker/oci/blob/main/.github/workflows/oci-test.yml,https://github.com/docker/oci
packaging,.build.yml,workflow,public,0,0,3,1,https://github.com/docker/packaging/blob/main/.github/workflows/.build.yml,https://github.com/docker/packaging
packaging,.pkgs.yml,workflow,public,0,0,1,1,https://github.com/docker/packaging/blob/main/.github/workflows/.pkgs.yml,https://github.com/docker/packaging
packaging,build-agent.yml,workflow,public,0,0,1,0,https://github.com/docker/packaging/blob/main/.github/workflows/build-agent.yml,https://github.com/docker/packaging
packaging,build-buildx.yml,workflow,public,0,0,1,0,https://github.com/docker/packaging/blob/main/.github/workflows/build-buildx.yml,https://github.com/docker/packaging
packaging,build-compose.yml,workflow,public,0,0,1,0,https://github.com/docker/packaging/blob/main/.github/workflows/build-compose.yml,https://github.com/docker/packaging
packaging,build-containerd.yml,workflow,public,0,0,1,0,https://github.com/docker/packaging/blob/main/.github/workflows/build-containerd.yml,https://github.com/docker/packaging
packaging,build-credential-helpers.yml,workflow,public,0,0,1,0,https://github.com/docker/packaging/blob/main/.github/workflows/build-credential-helpers.yml,https://github.com/docker/packaging
packaging,build-docker.yml,workflow,public,0,0,2,0,https://github.com/docker/packaging/blob/main/.github/workflows/build-docker.yml,https://github.com/docker/packaging
packaging,build-model.yml,workflow,public,0,0,1,0,https://github.com/docker/packaging/blob/main/.github/workflows/build-model.yml,https://github.com/docker/packaging
packaging,labeler.yml,workflow,public,0,0,1,0,https://github.com/docker/packaging/blob/main/.github/workflows/labeler.yml,https://github.com/docker/packaging
packaging,nightly.yml,workflow,public,0,0,2,0,https://github.com/docker/packaging/blob/main/.github/workflows/nightly.yml,https://github.com/docker/packaging
packaging,release-agent.yml,workflow,public,0,0,1,0,https://github.com/docker/packaging/blob/main/.github/workflows/release-agent.yml,https://github.com/docker/packaging
packaging,release-buildx.yml,workflow,public,0,0,1,0,https://github.com/docker/packaging/blob/main/.github/workflows/release-buildx.yml,https://github.com/docker/packaging
packaging,release-compose.yml,workflow,public,0,0,1,0,https://github.com/docker/packaging/blob/main/.github/workflows/release-compose.yml,https://github.com/docker/packaging
packaging,release-containerd.yml,workflow,public,0,0,1,0,https://github.com/docker/packaging/blob/main/.github/workflows/release-containerd.yml,https://github.com/docker/packaging
packaging,release-credential-helpers.yml,workflow,public,0,0,1,0,https://github.com/docker/packaging/blob/main/.github/workflows/release-credential-helpers.yml,https://github.com/docker/packaging
packaging,release-docker.yml,workflow,public,0,0,2,0,https://github.com/docker/packaging/blob/main/.github/workflows/release-docker.yml,https://github.com/docker/packaging
packaging,release-model.yml,workflow,public,0,0,1,0,https://github.com/docker/packaging/blob/main/.github/workflows/release-model.yml,https://github.com/docker/packaging
packaging,update-go.yml,workflow,public,0,0,2,0,https://github.com/docker/packaging/blob/main/.github/workflows/update-go.yml,https://github.com/docker/packaging
packaging,validate.yml,workflow,public,0,0,1,0,https://github.com/docker/packaging/blob/main/.github/workflows/validate.yml,https://github.com/docker/packaging
packaging,zizmor.yml,workflow,public,0,0,1,0,https://github.com/docker/packaging/blob/main/.github/workflows/zizmor.yml,https://github.com/docker/packaging
portcullis,ci.yml,workflow,public,0,0,2,0,https://github.com/docker/portcullis/blob/main/.github/workflows/ci.yml,https://github.com/docker/portcullis
sbom-cli-plugin,release.yaml,workflow,public,1,0,1,0,https://github.com/docker/sbom-cli-plugin/blob/main/.github/workflows/release.yaml,https://github.com/docker/sbom-cli-plugin
sbx-kits-contrib,scorecard.yml,workflow,public,0,0,1,0,https://github.com/docker/sbx-kits-contrib/blob/main/.github/workflows/scorecard.yml,https://github.com/docker/sbx-kits-contrib
sbx-kits-contrib,tck.yml,workflow,public,0,0,5,0,https://github.com/docker/sbx-kits-contrib/blob/main/.github/workflows/tck.yml,https://github.com/docker/sbx-kits-contrib
scout-action,./action.yaml,action,public,0,0,1,0,https://github.com/docker/scout-action/blob/main/./action.yaml,https://github.com/docker/scout-action
scout-action,test.yml,workflow,public,0,0,1,0,https://github.com/docker/scout-action/blob/main/.github/workflows/test.yml,https://github.com/docker/scout-action
scout-cli,release-branch.yml,workflow,public,0,0,3,0,https://github.com/docker/scout-cli/blob/main/.github/workflows/release-branch.yml,https://github.com/docker/scout-cli
scout-cli,release.yml,workflow,public,0,0,1,1,https://github.com/docker/scout-cli/blob/main/.github/workflows/release.yml,https://github.com/docker/scout-cli
secrets-engine,go-work-check.yml,workflow,public,0,0,1,0,https://github.com/docker/secrets-engine/blob/main/.github/workflows/go-work-check.yml,https://github.com/docker/secrets-engine
secrets-engine,gomodguard.yml,workflow,public,0,0,1,0,https://github.com/docker/secrets-engine/blob/main/.github/workflows/gomodguard.yml,https://github.com/docker/secrets-engine
secrets-engine,govulncheck.yml,workflow,public,0,0,1,0,https://github.com/docker/secrets-engine/blob/main/.github/workflows/govulncheck.yml,https://github.com/docker/secrets-engine
secrets-engine,keychain.yml,workflow,public,0,0,3,0,https://github.com/docker/secrets-engine/blob/main/.github/workflows/keychain.yml,https://github.com/docker/secrets-engine
secrets-engine,lint.yml,workflow,public,0,0,1,0,https://github.com/docker/secrets-engine/blob/main/.github/workflows/lint.yml,https://github.com/docker/secrets-engine
secrets-engine,pr-review.yml,workflow,public,0,0,1,0,https://github.com/docker/secrets-engine/blob/main/.github/workflows/pr-review.yml,https://github.com/docker/secrets-engine
secrets-engine,proto-check.yml,workflow,public,0,0,1,0,https://github.com/docker/secrets-engine/blob/main/.github/workflows/proto-check.yml,https://github.com/docker/secrets-engine
secrets-engine,proto-lint.yml,workflow,public,0,0,1,0,https://github.com/docker/secrets-engine/blob/main/.github/workflows/proto-lint.yml,https://github.com/docker/secrets-engine
secrets-engine,unittests.yml,workflow,public,0,0,1,0,https://github.com/docker/secrets-engine/blob/main/.github/workflows/unittests.yml,https://github.com/docker/secrets-engine
setup-buildx-action,./action.yml,action,public,0,0,1,0,https://github.com/docker/setup-buildx-action/blob/master/./action.yml,https://github.com/docker/setup-buildx-action
setup-buildx-action,action.yml,action,public,0,0,1,0,https://github.com/docker/setup-buildx-action/blob/e468171a9de216ec08956ac3ada2f0791b6bd435/action.yml,https://github.com/docker/setup-buildx-action
setup-buildx-action,action.yml,action,public,0,0,1,0,https://github.com/docker/setup-buildx-action/blob/d7f5e7f509e45cec5c76c4d5afdd7de93d0b3df5/action.yml,https://github.com/docker/setup-buildx-action
setup-buildx-action,action.yml,action,public,0,0,1,0,https://github.com/docker/setup-buildx-action/blob/d7f5e7f509e45cec5c76c4d5afdd7de93d0b3df5/action.yml,https://github.com/docker/setup-buildx-action
setup-buildx-action,action.yml,action,public,0,0,1,0,https://github.com/docker/setup-buildx-action/blob/8d2750c68a42422c14e847fe6c8ac0403b4cbd6f/action.yml,https://github.com/docker/setup-buildx-action
setup-buildx-action,action.yml,action,public,0,0,1,0,https://github.com/docker/setup-buildx-action/blob/79abd3f86f79a9d68a23c75a09a9a85889262adf/action.yml,https://github.com/docker/setup-buildx-action
setup-buildx-action,action.yml,action,public,0,0,1,0,https://github.com/docker/setup-buildx-action/blob/4d04d5d9486b7bd6fa91e7baf45bbb4f8b9deedd/action.yml,https://github.com/docker/setup-buildx-action
setup-buildx-action,action.yml,action,public,0,0,1,0,https://github.com/docker/setup-buildx-action/blob/4d04d5d9486b7bd6fa91e7baf45bbb4f8b9deedd/action.yml,https://github.com/docker/setup-buildx-action
setup-buildx-action,action.yml,action,public,0,0,1,0,https://github.com/docker/setup-buildx-action/blob/v2/action.yml,https://github.com/docker/setup-buildx-action
setup-buildx-action,action.yml,action,public,0,0,1,0,https://github.com/docker/setup-buildx-action/blob/v3/action.yml,https://github.com/docker/setup-buildx-action
setup-buildx-action,ci.yml,workflow,public,0,0,23,0,https://github.com/docker/setup-buildx-action/blob/master/.github/workflows/ci.yml,https://github.com/docker/setup-buildx-action
setup-buildx-action,codeql.yml,workflow,public,0,0,1,0,https://github.com/docker/setup-buildx-action/blob/master/.github/workflows/codeql.yml,https://github.com/docker/setup-buildx-action
setup-buildx-action,pr-assign-author.yml,workflow,public,0,0,1,0,https://github.com/docker/setup-buildx-action/blob/master/.github/workflows/pr-assign-author.yml,https://github.com/docker/setup-buildx-action
setup-buildx-action,publish.yml,workflow,public,0,0,1,0,https://github.com/docker/setup-buildx-action/blob/master/.github/workflows/publish.yml,https://github.com/docker/setup-buildx-action
setup-buildx-action,test.yml,workflow,public,0,0,1,0,https://github.com/docker/setup-buildx-action/blob/master/.github/workflows/test.yml,https://github.com/docker/setup-buildx-action
setup-buildx-action,update-dist.yml,workflow,public,0,0,1,0,https://github.com/docker/setup-buildx-action/blob/master/.github/workflows/update-dist.yml,https://github.com/docker/setup-buildx-action
setup-buildx-action,validate.yml,workflow,public,0,0,2,0,https://github.com/docker/setup-buildx-action/blob/master/.github/workflows/validate.yml,https://github.com/docker/setup-buildx-action
setup-buildx-action,zizmor.yml,workflow,public,0,0,1,0,https://github.com/docker/setup-buildx-action/blob/master/.github/workflows/zizmor.yml,https://github.com/docker/setup-buildx-action
setup-compose-action,./action.yml,action,public,0,0,1,0,https://github.com/docker/setup-compose-action/blob/main/./action.yml,https://github.com/docker/setup-compose-action
setup-compose-action,action.yml,action,public,0,0,1,0,https://github.com/docker/setup-compose-action/blob/364cc21a5de5b1ee4a7f5f9d3fa374ce0ccde746/action.yml,https://github.com/docker/setup-compose-action
setup-compose-action,action.yml,action,public,0,0,1,0,https://github.com/docker/setup-compose-action/blob/2fe291b7677a45ee1269ec56a42604c143505e7e/action.yml,https://github.com/docker/setup-compose-action
setup-compose-action,ci.yml,workflow,public,0,0,4,0,https://github.com/docker/setup-compose-action/blob/main/.github/workflows/ci.yml,https://github.com/docker/setup-compose-action
setup-compose-action,codeql.yml,workflow,public,0,0,1,0,https://github.com/docker/setup-compose-action/blob/main/.github/workflows/codeql.yml,https://github.com/docker/setup-compose-action
setup-compose-action,pr-assign-author.yml,workflow,public,0,0,1,0,https://github.com/docker/setup-compose-action/blob/main/.github/workflows/pr-assign-author.yml,https://github.com/docker/setup-compose-action
setup-compose-action,publish.yml,workflow,public,0,0,1,0,https://github.com/docker/setup-compose-action/blob/main/.github/workflows/publish.yml,https://github.com/docker/setup-compose-action
setup-compose-action,test.yml,workflow,public,0,0,1,0,https://github.com/docker/setup-compose-action/blob/main/.github/workflows/test.yml,https://github.com/docker/setup-compose-action
setup-compose-action,update-dist.yml,workflow,public,0,0,1,0,https://github.com/docker/setup-compose-action/blob/main/.github/workflows/update-dist.yml,https://github.com/docker/setup-compose-action
setup-compose-action,validate.yml,workflow,public,0,0,2,0,https://github.com/docker/setup-compose-action/blob/main/.github/workflows/validate.yml,https://github.com/docker/setup-compose-action
setup-compose-action,zizmor.yml,workflow,public,0,0,1,0,https://github.com/docker/setup-compose-action/blob/main/.github/workflows/zizmor.yml,https://github.com/docker/setup-compose-action
setup-docker-action,./action.yml,action,public,0,0,1,0,https://github.com/docker/setup-docker-action/blob/master/./action.yml,https://github.com/docker/setup-docker-action
setup-docker-action,action.yml,action,public,0,0,1,0,https://github.com/docker/setup-docker-action/blob/e43656e248c0bd0647d3f5c195d116aacf6fcaf4/action.yml,https://github.com/docker/setup-docker-action
setup-docker-action,action.yml,action,public,0,0,1,0,https://github.com/docker/setup-docker-action/blob/0234bb73ccb40f0c430b795634f9247e2b5c2d23/action.yml,https://github.com/docker/setup-docker-action
setup-docker-action,action.yml,action,public,0,0,1,0,https://github.com/docker/setup-docker-action/blob/b60f85385d03ac8acfca6d9996982511d8620a19/action.yml,https://github.com/docker/setup-docker-action
setup-docker-action,ci.yml,workflow,public,0,0,13,0,https://github.com/docker/setup-docker-action/blob/master/.github/workflows/ci.yml,https://github.com/docker/setup-docker-action
setup-docker-action,codeql.yml,workflow,public,0,0,1,0,https://github.com/docker/setup-docker-action/blob/master/.github/workflows/codeql.yml,https://github.com/docker/setup-docker-action
setup-docker-action,pr-assign-author.yml,workflow,public,0,0,1,0,https://github.com/docker/setup-docker-action/blob/master/.github/workflows/pr-assign-author.yml,https://github.com/docker/setup-docker-action
setup-docker-action,publish.yml,workflow,public,0,0,1,0,https://github.com/docker/setup-docker-action/blob/master/.github/workflows/publish.yml,https://github.com/docker/setup-docker-action
setup-docker-action,test.yml,workflow,public,0,0,1,0,https://github.com/docker/setup-docker-action/blob/master/.github/workflows/test.yml,https://github.com/docker/setup-docker-action
setup-docker-action,update-dist.yml,workflow,public,0,0,1,0,https://github.com/docker/setup-docker-action/blob/master/.github/workflows/update-dist.yml,https://github.com/docker/setup-docker-action
setup-docker-action,validate.yml,workflow,public,0,0,2,0,https://github.com/docker/setup-docker-action/blob/master/.github/workflows/validate.yml,https://github.com/docker/setup-docker-action
setup-docker-action,zizmor.yml,workflow,public,0,0,1,0,https://github.com/docker/setup-docker-action/blob/master/.github/workflows/zizmor.yml,https://github.com/docker/setup-docker-action
setup-qemu-action,./action.yml,action,public,0,0,1,0,https://github.com/docker/setup-qemu-action/blob/master/./action.yml,https://github.com/docker/setup-qemu-action
setup-qemu-action,action.yml,action,public,0,0,1,0,https://github.com/docker/setup-qemu-action/blob/ce360397dd3f832beb865e1373c09c0e9f86d70a/action.yml,https://github.com/docker/setup-qemu-action
setup-qemu-action,action.yml,action,public,0,0,1,0,https://github.com/docker/setup-qemu-action/blob/ce360397dd3f832beb865e1373c09c0e9f86d70a/action.yml,https://github.com/docker/setup-qemu-action
setup-qemu-action,action.yml,action,public,0,0,1,0,https://github.com/docker/setup-qemu-action/blob/06116385d9baf250c9f4dcb4858b16962ea869c3/action.yml,https://github.com/docker/setup-qemu-action
setup-qemu-action,action.yml,action,public,0,0,1,0,https://github.com/docker/setup-qemu-action/blob/06116385d9baf250c9f4dcb4858b16962ea869c3/action.yml,https://github.com/docker/setup-qemu-action
setup-qemu-action,action.yml,action,public,0,0,1,0,https://github.com/docker/setup-qemu-action/blob/c7c53464625b32c7a7e944ae62b3e17d2b600130/action.yml,https://github.com/docker/setup-qemu-action
setup-qemu-action,action.yml,action,public,0,0,1,0,https://github.com/docker/setup-qemu-action/blob/29109295f81e9208d7d86ff1c6c12d2833863392/action.yml,https://github.com/docker/setup-qemu-action
setup-qemu-action,action.yml,action,public,0,0,1,0,https://github.com/docker/setup-qemu-action/blob/v3/action.yml,https://github.com/docker/setup-qemu-action
setup-qemu-action,action.yml,action,public,0,0,1,0,https://github.com/docker/setup-qemu-action/blob/v2/action.yml,https://github.com/docker/setup-qemu-action
setup-qemu-action,ci.yml,workflow,public,0,0,6,0,https://github.com/docker/setup-qemu-action/blob/master/.github/workflows/ci.yml,https://github.com/docker/setup-qemu-action
setup-qemu-action,codeql.yml,workflow,public,0,0,1,0,https://github.com/docker/setup-qemu-action/blob/master/.github/workflows/codeql.yml,https://github.com/docker/setup-qemu-action
setup-qemu-action,pr-assign-author.yml,workflow,public,0,0,1,0,https://github.com/docker/setup-qemu-action/blob/master/.github/workflows/pr-assign-author.yml,https://github.com/docker/setup-qemu-action
setup-qemu-action,publish.yml,workflow,public,0,0,1,0,https://github.com/docker/setup-qemu-action/blob/master/.github/workflows/publish.yml,https://github.com/docker/setup-qemu-action
setup-qemu-action,test.yml,workflow,public,0,0,1,0,https://github.com/docker/setup-qemu-action/blob/master/.github/workflows/test.yml,https://github.com/docker/setup-qemu-action
setup-qemu-action,update-dist.yml,workflow,public,0,0,1,0,https://github.com/docker/setup-qemu-action/blob/master/.github/workflows/update-dist.yml,https://github.com/docker/setup-qemu-action
setup-qemu-action,validate.yml,workflow,public,0,0,2,0,https://github.com/docker/setup-qemu-action/blob/master/.github/workflows/validate.yml,https://github.com/docker/setup-qemu-action
setup-qemu-action,zizmor.yml,workflow,public,0,0,1,0,https://github.com/docker/setup-qemu-action/blob/master/.github/workflows/zizmor.yml,https://github.com/docker/setup-qemu-action
simplepypi,publish.yml,workflow,public,0,1,1,0,https://github.com/docker/simplepypi/blob/main/.github/workflows/publish.yml,https://github.com/docker/simplepypi
terraform-provider-docker,acctest.yaml,workflow,public,0,0,1,0,https://github.com/docker/terraform-provider-docker/blob/main/.github/workflows/acctest.yaml,https://github.com/docker/terraform-provider-docker
terraform-provider-docker,ci.yaml,workflow,public,0,0,1,0,https://github.com/docker/terraform-provider-docker/blob/main/.github/workflows/ci.yaml,https://github.com/docker/terraform-provider-docker
terraform-provider-docker,release.yml,workflow,public,0,0,1,0,https://github.com/docker/terraform-provider-docker/blob/main/.github/workflows/release.yml,https://github.com/docker/terraform-provider-docker
unleash-proxy,add-to-project.yml,workflow,public,0,1,1,0,https://github.com/docker/unleash-proxy/blob/main/.github/workflows/add-to-project.yml,https://github.com/docker/unleash-proxy
unleash-proxy,codeql-analysis.yml,workflow,public,0,1,1,0,https://github.com/docker/unleash-proxy/blob/main/.github/workflows/codeql-analysis.yml,https://github.com/docker/unleash-proxy
unleash-proxy,node.js.yml,workflow,public,0,1,1,0,https://github.com/docker/unleash-proxy/blob/main/.github/workflows/node.js.yml,https://github.com/docker/unleash-proxy
unleash-proxy,push-docker-releases.yml,workflow,public,0,1,1,0,https://github.com/docker/unleash-proxy/blob/main/.github/workflows/push-docker-releases.yml,https://github.com/docker/unleash-proxy
unleash-proxy,push-ecr-releases.yml,workflow,public,0,1,1,0,https://github.com/docker/unleash-proxy/blob/main/.github/workflows/push-ecr-releases.yml,https://github.com/docker/unleash-proxy
unleash-proxy,release.yml,workflow,public,0,1,1,0,https://github.com/docker/unleash-proxy/blob/main/.github/workflows/release.yml,https://github.com/docker/unleash-proxy
unleash-proxy,release_changelog.yml,workflow,public,0,1,1,0,https://github.com/docker/unleash-proxy/blob/main/.github/workflows/release_changelog.yml,https://github.com/docker/unleash-proxy
vscode-extension,build.yml,workflow,public,0,0,5,0,https://github.com/docker/vscode-extension/blob/main/.github/workflows/build.yml,https://github.com/docker/vscode-extension
vscode-extension,lint.yml,workflow,public,0,0,1,0,https://github.com/docker/vscode-extension/blob/main/.github/workflows/lint.yml,https://github.com/docker/vscode-extension
vscode-extension,prepare-release.yml,workflow,public,0,0,1,0,https://github.com/docker/vscode-extension/blob/main/.github/workflows/prepare-release.yml,https://github.com/docker/vscode-extension
vscode-extension,verify.yml,workflow,public,0,0,1,0,https://github.com/docker/vscode-extension/blob/main/.github/workflows/verify.yml,https://github.com/docker/vscode-extension
webgpudd,build.yml,workflow,public,0,0,3,0,https://github.com/docker/webgpudd/blob/main/.github/workflows/build.yml,https://github.com/docker/webgpudd
welcome-to-docker,merge-main-into-small-image.yml,workflow,public,0,0,1,0,https://github.com/docker/welcome-to-docker/blob/main/.github/workflows/merge-main-into-small-image.yml,https://github.com/docker/welcome-to-docker
winget-pkgs,pesterTests.yaml,workflow,public,0,1,1,0,https://github.com/docker/winget-pkgs/blob/master/.github/workflows/pesterTests.yaml,https://github.com/docker/winget-pkgs
winget-pkgs,scriptAnalyzer.yaml,workflow,public,0,1,1,0,https://github.com/docker/winget-pkgs/blob/master/.github/workflows/scriptAnalyzer.yaml,https://github.com/docker/winget-pkgs
winget-pkgs,spellCheck.yaml,workflow,public,0,1,3,0,https://github.com/docker/winget-pkgs/blob/master/.github/workflows/spellCheck.yaml,https://github.com/docker/winget-pkgs
