org_name,repo_name,workflow_path,job_name,visibility,archived,forked,workflow_url,repo_url
awslabs,LISA,code.release.branch.yml,run_full_e2e,public,0,0,https://github.com/awslabs/LISA/blob/c9333b617ad0e9fb3065b79ae018f07c2ab6192c/.github/workflows/code.release.branch.yml,https://github.com/awslabs/LISA
awslabs,amazon-eks-ami,ci-canary.yaml,ci,public,0,0,https://github.com/awslabs/amazon-eks-ami/blob/d17a9d345efadc98bc0d9183391fe950a5b21ae6/.github/workflows/ci-canary.yaml,https://github.com/awslabs/amazon-eks-ami
awslabs,amazon-eks-ami,ci-manual.yaml,ci,public,0,0,https://github.com/awslabs/amazon-eks-ami/blob/d17a9d345efadc98bc0d9183391fe950a5b21ae6/.github/workflows/ci-manual.yaml,https://github.com/awslabs/amazon-eks-ami
awslabs,amazon-mission-solutions-auth-server,build-test-destroy.yml,cdk-checks,public,0,0,https://github.com/awslabs/amazon-mission-solutions-auth-server/blob/d909d8aceb9590909b0b41967e5f4fb53c7e90cd/.github/workflows/build-test-destroy.yml,https://github.com/awslabs/amazon-mission-solutions-auth-server
awslabs,amazon-mission-solutions-auth-server,build-test-destroy.yml,check,public,0,0,https://github.com/awslabs/amazon-mission-solutions-auth-server/blob/d909d8aceb9590909b0b41967e5f4fb53c7e90cd/.github/workflows/build-test-destroy.yml,https://github.com/awslabs/amazon-mission-solutions-auth-server
awslabs,amazon-mission-solutions-auth-server,build-test-destroy.yml,deploy,public,0,0,https://github.com/awslabs/amazon-mission-solutions-auth-server/blob/d909d8aceb9590909b0b41967e5f4fb53c7e90cd/.github/workflows/build-test-destroy.yml,https://github.com/awslabs/amazon-mission-solutions-auth-server
awslabs,amazon-mission-solutions-auth-server,build-test-destroy.yml,destroy,public,0,0,https://github.com/awslabs/amazon-mission-solutions-auth-server/blob/d909d8aceb9590909b0b41967e5f4fb53c7e90cd/.github/workflows/build-test-destroy.yml,https://github.com/awslabs/amazon-mission-solutions-auth-server
awslabs,amazon-mission-solutions-auth-server,build-test-destroy.yml,integration-test,public,0,0,https://github.com/awslabs/amazon-mission-solutions-auth-server/blob/d909d8aceb9590909b0b41967e5f4fb53c7e90cd/.github/workflows/build-test-destroy.yml,https://github.com/awslabs/amazon-mission-solutions-auth-server
awslabs,amazon-mission-solutions-auth-server,build-test-destroy.yml,notify-nightly-failure,public,0,0,https://github.com/awslabs/amazon-mission-solutions-auth-server/blob/d909d8aceb9590909b0b41967e5f4fb53c7e90cd/.github/workflows/build-test-destroy.yml,https://github.com/awslabs/amazon-mission-solutions-auth-server
awslabs,aurora-dsql-connectors,ci-gate.yml,dotnet-npgsql,public,0,0,https://github.com/awslabs/aurora-dsql-connectors/blob/7382fe799c1de9808e18746d47bad0e8b2b0ad51/.github/workflows/ci-gate.yml,https://github.com/awslabs/aurora-dsql-connectors
awslabs,aurora-dsql-connectors,ci-gate.yml,go-pgx,public,0,0,https://github.com/awslabs/aurora-dsql-connectors/blob/7382fe799c1de9808e18746d47bad0e8b2b0ad51/.github/workflows/ci-gate.yml,https://github.com/awslabs/aurora-dsql-connectors
awslabs,aurora-dsql-connectors,ci-gate.yml,java-jdbc,public,0,0,https://github.com/awslabs/aurora-dsql-connectors/blob/7382fe799c1de9808e18746d47bad0e8b2b0ad51/.github/workflows/ci-gate.yml,https://github.com/awslabs/aurora-dsql-connectors
awslabs,aurora-dsql-connectors,ci-gate.yml,node-postgres,public,0,0,https://github.com/awslabs/aurora-dsql-connectors/blob/7382fe799c1de9808e18746d47bad0e8b2b0ad51/.github/workflows/ci-gate.yml,https://github.com/awslabs/aurora-dsql-connectors
awslabs,aurora-dsql-connectors,ci-gate.yml,php-pdo-pgsql,public,0,0,https://github.com/awslabs/aurora-dsql-connectors/blob/7382fe799c1de9808e18746d47bad0e8b2b0ad51/.github/workflows/ci-gate.yml,https://github.com/awslabs/aurora-dsql-connectors
awslabs,aurora-dsql-connectors,ci-gate.yml,postgres-js,public,0,0,https://github.com/awslabs/aurora-dsql-connectors/blob/7382fe799c1de9808e18746d47bad0e8b2b0ad51/.github/workflows/ci-gate.yml,https://github.com/awslabs/aurora-dsql-connectors
awslabs,aurora-dsql-connectors,ci-gate.yml,python-connector,public,0,0,https://github.com/awslabs/aurora-dsql-connectors/blob/7382fe799c1de9808e18746d47bad0e8b2b0ad51/.github/workflows/ci-gate.yml,https://github.com/awslabs/aurora-dsql-connectors
awslabs,aurora-dsql-connectors,ci-gate.yml,ruby-pg,public,0,0,https://github.com/awslabs/aurora-dsql-connectors/blob/7382fe799c1de9808e18746d47bad0e8b2b0ad51/.github/workflows/ci-gate.yml,https://github.com/awslabs/aurora-dsql-connectors
awslabs,aurora-dsql-connectors,ci-gate.yml,rust-sqlx,public,0,0,https://github.com/awslabs/aurora-dsql-connectors/blob/7382fe799c1de9808e18746d47bad0e8b2b0ad51/.github/workflows/ci-gate.yml,https://github.com/awslabs/aurora-dsql-connectors
awslabs,aurora-dsql-connectors,dotnet-npgsql-release.yml,update-changelog,public,0,0,https://github.com/awslabs/aurora-dsql-connectors/blob/7382fe799c1de9808e18746d47bad0e8b2b0ad51/.github/workflows/dotnet-npgsql-release.yml,https://github.com/awslabs/aurora-dsql-connectors
awslabs,aurora-dsql-connectors,go-pgx-release.yml,update-changelog,public,0,0,https://github.com/awslabs/aurora-dsql-connectors/blob/7382fe799c1de9808e18746d47bad0e8b2b0ad51/.github/workflows/go-pgx-release.yml,https://github.com/awslabs/aurora-dsql-connectors
awslabs,aurora-dsql-connectors,java-jdbc-release.yml,update-changelog,public,0,0,https://github.com/awslabs/aurora-dsql-connectors/blob/7382fe799c1de9808e18746d47bad0e8b2b0ad51/.github/workflows/java-jdbc-release.yml,https://github.com/awslabs/aurora-dsql-connectors
awslabs,aurora-dsql-connectors,node-postgres-release.yml,update-changelog,public,0,0,https://github.com/awslabs/aurora-dsql-connectors/blob/7382fe799c1de9808e18746d47bad0e8b2b0ad51/.github/workflows/node-postgres-release.yml,https://github.com/awslabs/aurora-dsql-connectors
awslabs,aurora-dsql-connectors,php-pdo-pgsql-release.yml,update-changelog,public,0,0,https://github.com/awslabs/aurora-dsql-connectors/blob/7382fe799c1de9808e18746d47bad0e8b2b0ad51/.github/workflows/php-pdo-pgsql-release.yml,https://github.com/awslabs/aurora-dsql-connectors
awslabs,aurora-dsql-connectors,postgres-js-release.yml,update-changelog,public,0,0,https://github.com/awslabs/aurora-dsql-connectors/blob/7382fe799c1de9808e18746d47bad0e8b2b0ad51/.github/workflows/postgres-js-release.yml,https://github.com/awslabs/aurora-dsql-connectors
awslabs,aurora-dsql-connectors,python-connector-release.yml,update-changelog,public,0,0,https://github.com/awslabs/aurora-dsql-connectors/blob/7382fe799c1de9808e18746d47bad0e8b2b0ad51/.github/workflows/python-connector-release.yml,https://github.com/awslabs/aurora-dsql-connectors
awslabs,aurora-dsql-connectors,ruby-pg-release.yml,update-changelog,public,0,0,https://github.com/awslabs/aurora-dsql-connectors/blob/7382fe799c1de9808e18746d47bad0e8b2b0ad51/.github/workflows/ruby-pg-release.yml,https://github.com/awslabs/aurora-dsql-connectors
awslabs,aurora-dsql-connectors,rust-sqlx-release.yml,update-changelog,public,0,0,https://github.com/awslabs/aurora-dsql-connectors/blob/7382fe799c1de9808e18746d47bad0e8b2b0ad51/.github/workflows/rust-sqlx-release.yml,https://github.com/awslabs/aurora-dsql-connectors
awslabs,aurora-dsql-orms,ci-gate.yml,java-hibernate,public,0,0,https://github.com/awslabs/aurora-dsql-orms/blob/7f4938bf9675d39f3fd4e838a2649b53a6cb03e5/.github/workflows/ci-gate.yml,https://github.com/awslabs/aurora-dsql-orms
awslabs,aurora-dsql-orms,ci-gate.yml,node-prisma,public,0,0,https://github.com/awslabs/aurora-dsql-orms/blob/7f4938bf9675d39f3fd4e838a2649b53a6cb03e5/.github/workflows/ci-gate.yml,https://github.com/awslabs/aurora-dsql-orms
awslabs,aurora-dsql-orms,ci-gate.yml,python-django,public,0,0,https://github.com/awslabs/aurora-dsql-orms/blob/7f4938bf9675d39f3fd4e838a2649b53a6cb03e5/.github/workflows/ci-gate.yml,https://github.com/awslabs/aurora-dsql-orms
awslabs,aurora-dsql-orms,ci-gate.yml,python-sqlalchemy,public,0,0,https://github.com/awslabs/aurora-dsql-orms/blob/7f4938bf9675d39f3fd4e838a2649b53a6cb03e5/.github/workflows/ci-gate.yml,https://github.com/awslabs/aurora-dsql-orms
awslabs,aurora-dsql-orms,ci-gate.yml,python-tortoise,public,0,0,https://github.com/awslabs/aurora-dsql-orms/blob/7f4938bf9675d39f3fd4e838a2649b53a6cb03e5/.github/workflows/ci-gate.yml,https://github.com/awslabs/aurora-dsql-orms
awslabs,aurora-dsql-orms,java-hibernate-release.yml,update-changelog,public,0,0,https://github.com/awslabs/aurora-dsql-orms/blob/7f4938bf9675d39f3fd4e838a2649b53a6cb03e5/.github/workflows/java-hibernate-release.yml,https://github.com/awslabs/aurora-dsql-orms
awslabs,aurora-dsql-orms,node-prisma-release.yml,update-changelog,public,0,0,https://github.com/awslabs/aurora-dsql-orms/blob/7f4938bf9675d39f3fd4e838a2649b53a6cb03e5/.github/workflows/node-prisma-release.yml,https://github.com/awslabs/aurora-dsql-orms
awslabs,aurora-dsql-orms,python-django-release.yml,update-changelog,public,0,0,https://github.com/awslabs/aurora-dsql-orms/blob/7f4938bf9675d39f3fd4e838a2649b53a6cb03e5/.github/workflows/python-django-release.yml,https://github.com/awslabs/aurora-dsql-orms
awslabs,aurora-dsql-orms,python-sqlalchemy-release.yml,update-changelog,public,0,0,https://github.com/awslabs/aurora-dsql-orms/blob/7f4938bf9675d39f3fd4e838a2649b53a6cb03e5/.github/workflows/python-sqlalchemy-release.yml,https://github.com/awslabs/aurora-dsql-orms
awslabs,aurora-dsql-orms,python-tortoise-release.yml,update-changelog,public,0,0,https://github.com/awslabs/aurora-dsql-orms/blob/7f4938bf9675d39f3fd4e838a2649b53a6cb03e5/.github/workflows/python-tortoise-release.yml,https://github.com/awslabs/aurora-dsql-orms
awslabs,avp-local-agent,ci.yml,build_and_test,public,0,0,https://github.com/awslabs/avp-local-agent/blob/b325d95c0ce9e04db9f1b61310fa4e694655f36b/.github/workflows/ci.yml,https://github.com/awslabs/avp-local-agent
awslabs,avp-local-agent,nightly_build.yml,build_and_test,public,0,0,https://github.com/awslabs/avp-local-agent/blob/b325d95c0ce9e04db9f1b61310fa4e694655f36b/.github/workflows/nightly_build.yml,https://github.com/awslabs/avp-local-agent
awslabs,cloudfront-hosting-toolkit,on-push.yml,security-checks,public,0,0,https://github.com/awslabs/cloudfront-hosting-toolkit/blob/199ce3142ba9f9c28f2849b78df387c8e59a26ec/.github/workflows/on-push.yml,https://github.com/awslabs/cloudfront-hosting-toolkit
awslabs,mountpoint-s3-csi-driver,e2e-test-trusted.yaml,e2e,public,0,0,https://github.com/awslabs/mountpoint-s3-csi-driver/blob/4f8d18bdcfcaf99017fa5c38d564792ce09352ee/.github/workflows/e2e-test-trusted.yaml,https://github.com/awslabs/mountpoint-s3-csi-driver
awslabs,mountpoint-s3-csi-driver,e2e-test-trusted.yaml,e2e-rosa,public,0,0,https://github.com/awslabs/mountpoint-s3-csi-driver/blob/4f8d18bdcfcaf99017fa5c38d564792ce09352ee/.github/workflows/e2e-test-trusted.yaml,https://github.com/awslabs/mountpoint-s3-csi-driver
awslabs,mountpoint-s3-csi-driver,e2e-test-untrusted.yaml,e2e,public,0,0,https://github.com/awslabs/mountpoint-s3-csi-driver/blob/4f8d18bdcfcaf99017fa5c38d564792ce09352ee/.github/workflows/e2e-test-untrusted.yaml,https://github.com/awslabs/mountpoint-s3-csi-driver
awslabs,mountpoint-s3-csi-driver,e2e-test-untrusted.yaml,e2e-rosa,public,0,0,https://github.com/awslabs/mountpoint-s3-csi-driver/blob/4f8d18bdcfcaf99017fa5c38d564792ce09352ee/.github/workflows/e2e-test-untrusted.yaml,https://github.com/awslabs/mountpoint-s3-csi-driver
awslabs,mountpoint-s3-csi-driver,e2e-upgrade-test.yaml,e2e,public,0,0,https://github.com/awslabs/mountpoint-s3-csi-driver/blob/4f8d18bdcfcaf99017fa5c38d564792ce09352ee/.github/workflows/e2e-upgrade-test.yaml,https://github.com/awslabs/mountpoint-s3-csi-driver
awslabs,osml-cdk-constructs,release.yml,build,public,1,0,https://github.com/awslabs/osml-cdk-constructs/blob/69613f6e20667abe49d0ec06353131b517ffeb3a/.github/workflows/release.yml,https://github.com/awslabs/osml-cdk-constructs
awslabs,osml-cdk-constructs,release.yml,docs,public,1,0,https://github.com/awslabs/osml-cdk-constructs/blob/69613f6e20667abe49d0ec06353131b517ffeb3a/.github/workflows/release.yml,https://github.com/awslabs/osml-cdk-constructs
awslabs,osml-cdk-constructs,release.yml,publish,public,1,0,https://github.com/awslabs/osml-cdk-constructs/blob/69613f6e20667abe49d0ec06353131b517ffeb3a/.github/workflows/release.yml,https://github.com/awslabs/osml-cdk-constructs
awslabs,osml-data-intake,build-test-destroy.yml,check,public,0,0,https://github.com/awslabs/osml-data-intake/blob/bed31380a6f9dcfb7ce993526e5efada9ee6f6da/.github/workflows/build-test-destroy.yml,https://github.com/awslabs/osml-data-intake
awslabs,osml-data-intake,build-test-destroy.yml,deploy,public,0,0,https://github.com/awslabs/osml-data-intake/blob/bed31380a6f9dcfb7ce993526e5efada9ee6f6da/.github/workflows/build-test-destroy.yml,https://github.com/awslabs/osml-data-intake
awslabs,osml-data-intake,build-test-destroy.yml,destroy,public,0,0,https://github.com/awslabs/osml-data-intake/blob/bed31380a6f9dcfb7ce993526e5efada9ee6f6da/.github/workflows/build-test-destroy.yml,https://github.com/awslabs/osml-data-intake
awslabs,osml-data-intake,build-test-destroy.yml,notify-nightly-failure,public,0,0,https://github.com/awslabs/osml-data-intake/blob/bed31380a6f9dcfb7ce993526e5efada9ee6f6da/.github/workflows/build-test-destroy.yml,https://github.com/awslabs/osml-data-intake
awslabs,osml-data-intake,build-test-destroy.yml,test,public,0,0,https://github.com/awslabs/osml-data-intake/blob/bed31380a6f9dcfb7ce993526e5efada9ee6f6da/.github/workflows/build-test-destroy.yml,https://github.com/awslabs/osml-data-intake
awslabs,osml-data-intake,build.yml,test,public,0,0,https://github.com/awslabs/osml-data-intake/blob/bed31380a6f9dcfb7ce993526e5efada9ee6f6da/.github/workflows/build.yml,https://github.com/awslabs/osml-data-intake
awslabs,osml-data-intake,release.yml,docs,public,0,0,https://github.com/awslabs/osml-data-intake/blob/bed31380a6f9dcfb7ce993526e5efada9ee6f6da/.github/workflows/release.yml,https://github.com/awslabs/osml-data-intake
awslabs,osml-data-intake,release.yml,tox,public,0,0,https://github.com/awslabs/osml-data-intake/blob/bed31380a6f9dcfb7ce993526e5efada9ee6f6da/.github/workflows/release.yml,https://github.com/awslabs/osml-data-intake
awslabs,osml-geo-agents,build-test-destroy.yml,check,public,0,0,https://github.com/awslabs/osml-geo-agents/blob/36d795ebfc908b05f6f53a58370ea33efa6f96ec/.github/workflows/build-test-destroy.yml,https://github.com/awslabs/osml-geo-agents
awslabs,osml-geo-agents,build-test-destroy.yml,deploy,public,0,0,https://github.com/awslabs/osml-geo-agents/blob/36d795ebfc908b05f6f53a58370ea33efa6f96ec/.github/workflows/build-test-destroy.yml,https://github.com/awslabs/osml-geo-agents
awslabs,osml-geo-agents,build-test-destroy.yml,destroy,public,0,0,https://github.com/awslabs/osml-geo-agents/blob/36d795ebfc908b05f6f53a58370ea33efa6f96ec/.github/workflows/build-test-destroy.yml,https://github.com/awslabs/osml-geo-agents
awslabs,osml-geo-agents,build-test-destroy.yml,notify-nightly-failure,public,0,0,https://github.com/awslabs/osml-geo-agents/blob/36d795ebfc908b05f6f53a58370ea33efa6f96ec/.github/workflows/build-test-destroy.yml,https://github.com/awslabs/osml-geo-agents
awslabs,osml-geo-agents,build-test-destroy.yml,test,public,0,0,https://github.com/awslabs/osml-geo-agents/blob/36d795ebfc908b05f6f53a58370ea33efa6f96ec/.github/workflows/build-test-destroy.yml,https://github.com/awslabs/osml-geo-agents
awslabs,osml-geo-agents,build.yml,pre-commit,public,0,0,https://github.com/awslabs/osml-geo-agents/blob/36d795ebfc908b05f6f53a58370ea33efa6f96ec/.github/workflows/build.yml,https://github.com/awslabs/osml-geo-agents
awslabs,osml-geo-agents,build.yml,tox,public,0,0,https://github.com/awslabs/osml-geo-agents/blob/36d795ebfc908b05f6f53a58370ea33efa6f96ec/.github/workflows/build.yml,https://github.com/awslabs/osml-geo-agents
awslabs,osml-imagery-toolkit,build.yml,tox,public,0,0,https://github.com/awslabs/osml-imagery-toolkit/blob/88acbc2a3b93b2a72d54814882ab3c3b3d40d5ee/.github/workflows/build.yml,https://github.com/awslabs/osml-imagery-toolkit
awslabs,osml-imagery-toolkit,release.yml,publish,public,0,0,https://github.com/awslabs/osml-imagery-toolkit/blob/88acbc2a3b93b2a72d54814882ab3c3b3d40d5ee/.github/workflows/release.yml,https://github.com/awslabs/osml-imagery-toolkit
awslabs,osml-imagery-toolkit,release.yml,tox,public,0,0,https://github.com/awslabs/osml-imagery-toolkit/blob/88acbc2a3b93b2a72d54814882ab3c3b3d40d5ee/.github/workflows/release.yml,https://github.com/awslabs/osml-imagery-toolkit
awslabs,osml-jupyter-extension,build.yml,jlpm,public,0,0,https://github.com/awslabs/osml-jupyter-extension/blob/ea1fd47334e3102b0c10a219834e069e2f3091a6/.github/workflows/build.yml,https://github.com/awslabs/osml-jupyter-extension
awslabs,osml-jupyter-extension,release.yml,jlpm,public,0,0,https://github.com/awslabs/osml-jupyter-extension/blob/ea1fd47334e3102b0c10a219834e069e2f3091a6/.github/workflows/release.yml,https://github.com/awslabs/osml-jupyter-extension
awslabs,osml-jupyter-extension,release.yml,publish,public,0,0,https://github.com/awslabs/osml-jupyter-extension/blob/ea1fd47334e3102b0c10a219834e069e2f3091a6/.github/workflows/release.yml,https://github.com/awslabs/osml-jupyter-extension
awslabs,osml-model-runner,build-test-destroy.yml,check,public,0,0,https://github.com/awslabs/osml-model-runner/blob/ecbe9a0e3f8a9569cb5156beaaf4b5bfd5d86149/.github/workflows/build-test-destroy.yml,https://github.com/awslabs/osml-model-runner
awslabs,osml-model-runner,build-test-destroy.yml,deploy,public,0,0,https://github.com/awslabs/osml-model-runner/blob/ecbe9a0e3f8a9569cb5156beaaf4b5bfd5d86149/.github/workflows/build-test-destroy.yml,https://github.com/awslabs/osml-model-runner
awslabs,osml-model-runner,build-test-destroy.yml,destroy,public,0,0,https://github.com/awslabs/osml-model-runner/blob/ecbe9a0e3f8a9569cb5156beaaf4b5bfd5d86149/.github/workflows/build-test-destroy.yml,https://github.com/awslabs/osml-model-runner
awslabs,osml-model-runner,build-test-destroy.yml,notify-nightly-failure,public,0,0,https://github.com/awslabs/osml-model-runner/blob/ecbe9a0e3f8a9569cb5156beaaf4b5bfd5d86149/.github/workflows/build-test-destroy.yml,https://github.com/awslabs/osml-model-runner
awslabs,osml-model-runner,build-test-destroy.yml,test,public,0,0,https://github.com/awslabs/osml-model-runner/blob/ecbe9a0e3f8a9569cb5156beaaf4b5bfd5d86149/.github/workflows/build-test-destroy.yml,https://github.com/awslabs/osml-model-runner
awslabs,osml-model-runner,build.yml,test,public,0,0,https://github.com/awslabs/osml-model-runner/blob/ecbe9a0e3f8a9569cb5156beaaf4b5bfd5d86149/.github/workflows/build.yml,https://github.com/awslabs/osml-model-runner
awslabs,osml-model-runner,release.yml,docs,public,0,0,https://github.com/awslabs/osml-model-runner/blob/ecbe9a0e3f8a9569cb5156beaaf4b5bfd5d86149/.github/workflows/release.yml,https://github.com/awslabs/osml-model-runner
awslabs,osml-model-runner,release.yml,test,public,0,0,https://github.com/awslabs/osml-model-runner/blob/ecbe9a0e3f8a9569cb5156beaaf4b5bfd5d86149/.github/workflows/release.yml,https://github.com/awslabs/osml-model-runner
awslabs,osml-model-runner-test,build.yml,tox,public,1,0,https://github.com/awslabs/osml-model-runner-test/blob/4a8b9c0b81fdfff2e3112dfb3b6f6bf881fd2245/.github/workflows/build.yml,https://github.com/awslabs/osml-model-runner-test
awslabs,osml-model-runner-test,release.yml,docs,public,1,0,https://github.com/awslabs/osml-model-runner-test/blob/4a8b9c0b81fdfff2e3112dfb3b6f6bf881fd2245/.github/workflows/release.yml,https://github.com/awslabs/osml-model-runner-test
awslabs,osml-model-runner-test,release.yml,pypi,public,1,0,https://github.com/awslabs/osml-model-runner-test/blob/4a8b9c0b81fdfff2e3112dfb3b6f6bf881fd2245/.github/workflows/release.yml,https://github.com/awslabs/osml-model-runner-test
awslabs,osml-model-runner-test,release.yml,tox,public,1,0,https://github.com/awslabs/osml-model-runner-test/blob/4a8b9c0b81fdfff2e3112dfb3b6f6bf881fd2245/.github/workflows/release.yml,https://github.com/awslabs/osml-model-runner-test
awslabs,osml-models,build-test-destroy.yml,check,public,0,0,https://github.com/awslabs/osml-models/blob/e0491c0cb0febf1cded820e8eb4a1cbd8c1b0edf/.github/workflows/build-test-destroy.yml,https://github.com/awslabs/osml-models
awslabs,osml-models,build-test-destroy.yml,deploy,public,0,0,https://github.com/awslabs/osml-models/blob/e0491c0cb0febf1cded820e8eb4a1cbd8c1b0edf/.github/workflows/build-test-destroy.yml,https://github.com/awslabs/osml-models
awslabs,osml-models,build-test-destroy.yml,destroy,public,0,0,https://github.com/awslabs/osml-models/blob/e0491c0cb0febf1cded820e8eb4a1cbd8c1b0edf/.github/workflows/build-test-destroy.yml,https://github.com/awslabs/osml-models
awslabs,osml-models,build-test-destroy.yml,integration-test,public,0,0,https://github.com/awslabs/osml-models/blob/e0491c0cb0febf1cded820e8eb4a1cbd8c1b0edf/.github/workflows/build-test-destroy.yml,https://github.com/awslabs/osml-models
awslabs,osml-models,build-test-destroy.yml,lint,public,0,0,https://github.com/awslabs/osml-models/blob/e0491c0cb0febf1cded820e8eb4a1cbd8c1b0edf/.github/workflows/build-test-destroy.yml,https://github.com/awslabs/osml-models
awslabs,osml-models,build-test-destroy.yml,notify-nightly-failure,public,0,0,https://github.com/awslabs/osml-models/blob/e0491c0cb0febf1cded820e8eb4a1cbd8c1b0edf/.github/workflows/build-test-destroy.yml,https://github.com/awslabs/osml-models
awslabs,osml-models,build-test-destroy.yml,test,public,0,0,https://github.com/awslabs/osml-models/blob/e0491c0cb0febf1cded820e8eb4a1cbd8c1b0edf/.github/workflows/build-test-destroy.yml,https://github.com/awslabs/osml-models
awslabs,osml-models,release.yml,docs,public,0,0,https://github.com/awslabs/osml-models/blob/e0491c0cb0febf1cded820e8eb4a1cbd8c1b0edf/.github/workflows/release.yml,https://github.com/awslabs/osml-models
awslabs,osml-models,release.yml,pypi,public,0,0,https://github.com/awslabs/osml-models/blob/e0491c0cb0febf1cded820e8eb4a1cbd8c1b0edf/.github/workflows/release.yml,https://github.com/awslabs/osml-models
awslabs,osml-models,release.yml,tox,public,0,0,https://github.com/awslabs/osml-models/blob/e0491c0cb0febf1cded820e8eb4a1cbd8c1b0edf/.github/workflows/release.yml,https://github.com/awslabs/osml-models
awslabs,osml-tile-server,build-test-destroy.yml,check,public,0,0,https://github.com/awslabs/osml-tile-server/blob/2c0eaf91ddc5cb5165902725d695d292b8a718f2/.github/workflows/build-test-destroy.yml,https://github.com/awslabs/osml-tile-server
awslabs,osml-tile-server,build-test-destroy.yml,deploy,public,0,0,https://github.com/awslabs/osml-tile-server/blob/2c0eaf91ddc5cb5165902725d695d292b8a718f2/.github/workflows/build-test-destroy.yml,https://github.com/awslabs/osml-tile-server
awslabs,osml-tile-server,build-test-destroy.yml,destroy,public,0,0,https://github.com/awslabs/osml-tile-server/blob/2c0eaf91ddc5cb5165902725d695d292b8a718f2/.github/workflows/build-test-destroy.yml,https://github.com/awslabs/osml-tile-server
awslabs,osml-tile-server,build-test-destroy.yml,notify-nightly-failure,public,0,0,https://github.com/awslabs/osml-tile-server/blob/2c0eaf91ddc5cb5165902725d695d292b8a718f2/.github/workflows/build-test-destroy.yml,https://github.com/awslabs/osml-tile-server
awslabs,osml-tile-server,build-test-destroy.yml,test,public,0,0,https://github.com/awslabs/osml-tile-server/blob/2c0eaf91ddc5cb5165902725d695d292b8a718f2/.github/workflows/build-test-destroy.yml,https://github.com/awslabs/osml-tile-server
awslabs,osml-tile-server,build.yml,pre-commit,public,0,0,https://github.com/awslabs/osml-tile-server/blob/2c0eaf91ddc5cb5165902725d695d292b8a718f2/.github/workflows/build.yml,https://github.com/awslabs/osml-tile-server
awslabs,osml-tile-server,build.yml,test,public,0,0,https://github.com/awslabs/osml-tile-server/blob/2c0eaf91ddc5cb5165902725d695d292b8a718f2/.github/workflows/build.yml,https://github.com/awslabs/osml-tile-server
awslabs,osml-tile-server,release.yml,pypi,public,0,0,https://github.com/awslabs/osml-tile-server/blob/2c0eaf91ddc5cb5165902725d695d292b8a718f2/.github/workflows/release.yml,https://github.com/awslabs/osml-tile-server
awslabs,osml-tile-server,release.yml,tox,public,0,0,https://github.com/awslabs/osml-tile-server/blob/2c0eaf91ddc5cb5165902725d695d292b8a718f2/.github/workflows/release.yml,https://github.com/awslabs/osml-tile-server
awslabs,osml-tile-server-test,build.yml,docker,public,1,0,https://github.com/awslabs/osml-tile-server-test/blob/c283fcac514484b76187093be7e1174b95cb267f/.github/workflows/build.yml,https://github.com/awslabs/osml-tile-server-test
awslabs,osml-tile-server-test,build.yml,tox,public,1,0,https://github.com/awslabs/osml-tile-server-test/blob/c283fcac514484b76187093be7e1174b95cb267f/.github/workflows/build.yml,https://github.com/awslabs/osml-tile-server-test
awslabs,osml-tile-server-test,release.yml,docker,public,1,0,https://github.com/awslabs/osml-tile-server-test/blob/c283fcac514484b76187093be7e1174b95cb267f/.github/workflows/release.yml,https://github.com/awslabs/osml-tile-server-test
awslabs,osml-tile-server-test,release.yml,docs,public,1,0,https://github.com/awslabs/osml-tile-server-test/blob/c283fcac514484b76187093be7e1174b95cb267f/.github/workflows/release.yml,https://github.com/awslabs/osml-tile-server-test
awslabs,osml-tile-server-test,release.yml,pypi,public,1,0,https://github.com/awslabs/osml-tile-server-test/blob/c283fcac514484b76187093be7e1174b95cb267f/.github/workflows/release.yml,https://github.com/awslabs/osml-tile-server-test
awslabs,osml-tile-server-test,release.yml,tox,public,1,0,https://github.com/awslabs/osml-tile-server-test/blob/c283fcac514484b76187093be7e1174b95cb267f/.github/workflows/release.yml,https://github.com/awslabs/osml-tile-server-test
awslabs,project-lakechain,on-push.yml,security-checks,public,0,0,https://github.com/awslabs/project-lakechain/blob/baa19acd53ee5631e4d75abba9cb46f4bca8ad8d/.github/workflows/on-push.yml,https://github.com/awslabs/project-lakechain
awslabs,soci-snapshotter,create-release-branch.yml,doc-changes,public,0,0,https://github.com/awslabs/soci-snapshotter/blob/50f8f8ad7e24ad5e750cfac55248c4c295a2c47b/.github/workflows/create-release-branch.yml,https://github.com/awslabs/soci-snapshotter
awslabs,soci-snapshotter,create-release-branch.yml,third-party-license-generation,public,0,0,https://github.com/awslabs/soci-snapshotter/blob/50f8f8ad7e24ad5e750cfac55248c4c295a2c47b/.github/workflows/create-release-branch.yml,https://github.com/awslabs/soci-snapshotter
