org_name,repo_name,workflow_path,workflow_type,visibility,archived,forked,workflow_url,repo_url,action_org_name,action_repo_name,action_workflow_path,action_fullname,action_archived,action_forked,action_stars,action_url,action_repo_url
openai,etcd,ci.yml,workflow,public,1,1,https://github.com/openai/etcd/blob/43dd5ac2754c801d6cde047cc91fe82edaff8010/.github/workflows/ci.yml,https://github.com/openai/etcd,actionshub,chef-delivery,action.yml,actionshub/chef-delivery@main,0,0,1,https://github.com/actionshub/chef-delivery/blob/main/action.yml,https://github.com/actionshub/chef-delivery
openai,etcd,ci.yml,workflow,public,1,1,https://github.com/openai/etcd/blob/43dd5ac2754c801d6cde047cc91fe82edaff8010/.github/workflows/ci.yml,https://github.com/openai/etcd,actionshub,yamllint,action.yml,actionshub/yamllint@main,0,0,4,https://github.com/actionshub/yamllint/blob/main/action.yml,https://github.com/actionshub/yamllint
openai,etcd,ci.yml,workflow,public,1,1,https://github.com/openai/etcd/blob/43dd5ac2754c801d6cde047cc91fe82edaff8010/.github/workflows/ci.yml,https://github.com/openai/etcd,actionshub,markdownlint,action.yml,actionshub/markdownlint@main,0,0,26,https://github.com/actionshub/markdownlint/blob/main/action.yml,https://github.com/actionshub/markdownlint
openai,etcd,ci.yml,workflow,public,1,1,https://github.com/openai/etcd/blob/43dd5ac2754c801d6cde047cc91fe82edaff8010/.github/workflows/ci.yml,https://github.com/openai/etcd,actionshub,chef-install,action.yml,actionshub/chef-install@main,0,0,7,https://github.com/actionshub/chef-install/blob/main/action.yml,https://github.com/actionshub/chef-install
openai,etcd,ci.yml,workflow,public,1,1,https://github.com/openai/etcd/blob/43dd5ac2754c801d6cde047cc91fe82edaff8010/.github/workflows/ci.yml,https://github.com/openai/etcd,actionshub,kitchen-dokken,action.yml,actionshub/kitchen-dokken@main,1,0,3,https://github.com/actionshub/kitchen-dokken/blob/main/action.yml,https://github.com/actionshub/kitchen-dokken
openai,etcd,md-links.yml,workflow,public,1,1,https://github.com/openai/etcd/blob/43dd5ac2754c801d6cde047cc91fe82edaff8010/.github/workflows/md-links.yml,https://github.com/openai/etcd,gaurav-nelson,github-action-markdown-link-check,action.yml,gaurav-nelson/github-action-markdown-link-check@v1,1,0,419,https://github.com/gaurav-nelson/github-action-markdown-link-check/blob/v1/action.yml,https://github.com/gaurav-nelson/github-action-markdown-link-check
openai,openai-guardrails-js,docs.yml,workflow,public,0,0,https://github.com/openai/openai-guardrails-js/blob/9478f0cb6b0db765bf726b32bbf511d083d96b77/.github/workflows/docs.yml,https://github.com/openai/openai-guardrails-js,astral-sh,setup-uv,action.yml,astral-sh/setup-uv@v5,0,0,792,https://github.com/astral-sh/setup-uv/blob/v5/action.yml,https://github.com/astral-sh/setup-uv
openai,pytorch,create_release.yml,workflow,public,1,1,https://github.com/openai/pytorch/blob/8595b6eeed9a0e96aa6b1779000aeb96c13e6202/.github/workflows/create_release.yml,https://github.com/openai/pytorch,softprops,action-gh-release,action.yml,softprops/action-gh-release@v1,0,0,5670,https://github.com/softprops/action-gh-release/blob/v1/action.yml,https://github.com/softprops/action-gh-release
openai,pytorch,generated-libtorch-linux-xenial-cuda10.2-py3.6-gcc7.yml,workflow,public,1,1,https://github.com/openai/pytorch/blob/8595b6eeed9a0e96aa6b1779000aeb96c13e6202/.github/workflows/generated-libtorch-linux-xenial-cuda10.2-py3.6-gcc7.yml,https://github.com/openai/pytorch,seemethere,add-github-ssh-key,action.yml,seemethere/add-github-ssh-key@v1,0,0,11,https://github.com/seemethere/add-github-ssh-key/blob/v1/action.yml,https://github.com/seemethere/add-github-ssh-key
openai,pytorch,generated-libtorch-linux-xenial-cuda11.3-py3.6-gcc7.yml,workflow,public,1,1,https://github.com/openai/pytorch/blob/8595b6eeed9a0e96aa6b1779000aeb96c13e6202/.github/workflows/generated-libtorch-linux-xenial-cuda11.3-py3.6-gcc7.yml,https://github.com/openai/pytorch,seemethere,add-github-ssh-key,action.yml,seemethere/add-github-ssh-key@v1,0,0,11,https://github.com/seemethere/add-github-ssh-key/blob/v1/action.yml,https://github.com/seemethere/add-github-ssh-key
openai,pytorch,generated-linux-bionic-cuda10.2-py3.9-gcc7.yml,workflow,public,1,1,https://github.com/openai/pytorch/blob/8595b6eeed9a0e96aa6b1779000aeb96c13e6202/.github/workflows/generated-linux-bionic-cuda10.2-py3.9-gcc7.yml,https://github.com/openai/pytorch,seemethere,add-github-ssh-key,action.yml,seemethere/add-github-ssh-key@v1,0,0,11,https://github.com/seemethere/add-github-ssh-key/blob/v1/action.yml,https://github.com/seemethere/add-github-ssh-key
openai,pytorch,generated-linux-bionic-cuda10.2-py3.9-gcc7.yml,workflow,public,1,1,https://github.com/openai/pytorch/blob/8595b6eeed9a0e96aa6b1779000aeb96c13e6202/.github/workflows/generated-linux-bionic-cuda10.2-py3.9-gcc7.yml,https://github.com/openai/pytorch,seemethere,upload-artifact-s3,action.yml,seemethere/upload-artifact-s3@v3,0,1,2,https://github.com/seemethere/upload-artifact-s3/blob/v3/action.yml,https://github.com/seemethere/upload-artifact-s3
openai,pytorch,generated-linux-bionic-py3.6-clang9.yml,workflow,public,1,1,https://github.com/openai/pytorch/blob/8595b6eeed9a0e96aa6b1779000aeb96c13e6202/.github/workflows/generated-linux-bionic-py3.6-clang9.yml,https://github.com/openai/pytorch,seemethere,add-github-ssh-key,action.yml,seemethere/add-github-ssh-key@v1,0,0,11,https://github.com/seemethere/add-github-ssh-key/blob/v1/action.yml,https://github.com/seemethere/add-github-ssh-key
openai,pytorch,generated-linux-bionic-py3.6-clang9.yml,workflow,public,1,1,https://github.com/openai/pytorch/blob/8595b6eeed9a0e96aa6b1779000aeb96c13e6202/.github/workflows/generated-linux-bionic-py3.6-clang9.yml,https://github.com/openai/pytorch,seemethere,upload-artifact-s3,action.yml,seemethere/upload-artifact-s3@v3,0,1,2,https://github.com/seemethere/upload-artifact-s3/blob/v3/action.yml,https://github.com/seemethere/upload-artifact-s3
openai,pytorch,generated-linux-xenial-cuda10.2-py3.6-gcc7.yml,workflow,public,1,1,https://github.com/openai/pytorch/blob/8595b6eeed9a0e96aa6b1779000aeb96c13e6202/.github/workflows/generated-linux-xenial-cuda10.2-py3.6-gcc7.yml,https://github.com/openai/pytorch,seemethere,add-github-ssh-key,action.yml,seemethere/add-github-ssh-key@v1,0,0,11,https://github.com/seemethere/add-github-ssh-key/blob/v1/action.yml,https://github.com/seemethere/add-github-ssh-key
openai,pytorch,generated-linux-xenial-cuda10.2-py3.6-gcc7.yml,workflow,public,1,1,https://github.com/openai/pytorch/blob/8595b6eeed9a0e96aa6b1779000aeb96c13e6202/.github/workflows/generated-linux-xenial-cuda10.2-py3.6-gcc7.yml,https://github.com/openai/pytorch,seemethere,upload-artifact-s3,action.yml,seemethere/upload-artifact-s3@v3,0,1,2,https://github.com/seemethere/upload-artifact-s3/blob/v3/action.yml,https://github.com/seemethere/upload-artifact-s3
openai,pytorch,generated-linux-xenial-cuda11.3-py3.6-gcc7.yml,workflow,public,1,1,https://github.com/openai/pytorch/blob/8595b6eeed9a0e96aa6b1779000aeb96c13e6202/.github/workflows/generated-linux-xenial-cuda11.3-py3.6-gcc7.yml,https://github.com/openai/pytorch,seemethere,add-github-ssh-key,action.yml,seemethere/add-github-ssh-key@v1,0,0,11,https://github.com/seemethere/add-github-ssh-key/blob/v1/action.yml,https://github.com/seemethere/add-github-ssh-key
openai,pytorch,generated-linux-xenial-cuda11.3-py3.6-gcc7.yml,workflow,public,1,1,https://github.com/openai/pytorch/blob/8595b6eeed9a0e96aa6b1779000aeb96c13e6202/.github/workflows/generated-linux-xenial-cuda11.3-py3.6-gcc7.yml,https://github.com/openai/pytorch,seemethere,upload-artifact-s3,action.yml,seemethere/upload-artifact-s3@v3,0,1,2,https://github.com/seemethere/upload-artifact-s3/blob/v3/action.yml,https://github.com/seemethere/upload-artifact-s3
openai,pytorch,generated-linux-xenial-py3.6-clang7-asan.yml,workflow,public,1,1,https://github.com/openai/pytorch/blob/8595b6eeed9a0e96aa6b1779000aeb96c13e6202/.github/workflows/generated-linux-xenial-py3.6-clang7-asan.yml,https://github.com/openai/pytorch,seemethere,add-github-ssh-key,action.yml,seemethere/add-github-ssh-key@v1,0,0,11,https://github.com/seemethere/add-github-ssh-key/blob/v1/action.yml,https://github.com/seemethere/add-github-ssh-key
openai,pytorch,generated-linux-xenial-py3.6-clang7-asan.yml,workflow,public,1,1,https://github.com/openai/pytorch/blob/8595b6eeed9a0e96aa6b1779000aeb96c13e6202/.github/workflows/generated-linux-xenial-py3.6-clang7-asan.yml,https://github.com/openai/pytorch,seemethere,upload-artifact-s3,action.yml,seemethere/upload-artifact-s3@v3,0,1,2,https://github.com/seemethere/upload-artifact-s3/blob/v3/action.yml,https://github.com/seemethere/upload-artifact-s3
openai,pytorch,generated-linux-xenial-py3.6-gcc5.4.yml,workflow,public,1,1,https://github.com/openai/pytorch/blob/8595b6eeed9a0e96aa6b1779000aeb96c13e6202/.github/workflows/generated-linux-xenial-py3.6-gcc5.4.yml,https://github.com/openai/pytorch,seemethere,add-github-ssh-key,action.yml,seemethere/add-github-ssh-key@v1,0,0,11,https://github.com/seemethere/add-github-ssh-key/blob/v1/action.yml,https://github.com/seemethere/add-github-ssh-key
openai,pytorch,generated-linux-xenial-py3.6-gcc5.4.yml,workflow,public,1,1,https://github.com/openai/pytorch/blob/8595b6eeed9a0e96aa6b1779000aeb96c13e6202/.github/workflows/generated-linux-xenial-py3.6-gcc5.4.yml,https://github.com/openai/pytorch,seemethere,upload-artifact-s3,action.yml,seemethere/upload-artifact-s3@v3,0,1,2,https://github.com/seemethere/upload-artifact-s3/blob/v3/action.yml,https://github.com/seemethere/upload-artifact-s3
openai,pytorch,generated-linux-xenial-py3.6-gcc7-bazel-test.yml,workflow,public,1,1,https://github.com/openai/pytorch/blob/8595b6eeed9a0e96aa6b1779000aeb96c13e6202/.github/workflows/generated-linux-xenial-py3.6-gcc7-bazel-test.yml,https://github.com/openai/pytorch,seemethere,add-github-ssh-key,action.yml,seemethere/add-github-ssh-key@v1,0,0,11,https://github.com/seemethere/add-github-ssh-key/blob/v1/action.yml,https://github.com/seemethere/add-github-ssh-key
openai,pytorch,generated-linux-xenial-py3.6-gcc7-bazel-test.yml,workflow,public,1,1,https://github.com/openai/pytorch/blob/8595b6eeed9a0e96aa6b1779000aeb96c13e6202/.github/workflows/generated-linux-xenial-py3.6-gcc7-bazel-test.yml,https://github.com/openai/pytorch,seemethere,upload-artifact-s3,action.yml,seemethere/upload-artifact-s3@v3,0,1,2,https://github.com/seemethere/upload-artifact-s3/blob/v3/action.yml,https://github.com/seemethere/upload-artifact-s3
openai,pytorch,generated-parallelnative-linux-xenial-py3.6-gcc5.4.yml,workflow,public,1,1,https://github.com/openai/pytorch/blob/8595b6eeed9a0e96aa6b1779000aeb96c13e6202/.github/workflows/generated-parallelnative-linux-xenial-py3.6-gcc5.4.yml,https://github.com/openai/pytorch,seemethere,add-github-ssh-key,action.yml,seemethere/add-github-ssh-key@v1,0,0,11,https://github.com/seemethere/add-github-ssh-key/blob/v1/action.yml,https://github.com/seemethere/add-github-ssh-key
openai,pytorch,generated-parallelnative-linux-xenial-py3.6-gcc5.4.yml,workflow,public,1,1,https://github.com/openai/pytorch/blob/8595b6eeed9a0e96aa6b1779000aeb96c13e6202/.github/workflows/generated-parallelnative-linux-xenial-py3.6-gcc5.4.yml,https://github.com/openai/pytorch,seemethere,upload-artifact-s3,action.yml,seemethere/upload-artifact-s3@v3,0,1,2,https://github.com/seemethere/upload-artifact-s3/blob/v3/action.yml,https://github.com/seemethere/upload-artifact-s3
openai,pytorch,generated-periodic-libtorch-linux-xenial-cuda11.1-py3.6-gcc7.yml,workflow,public,1,1,https://github.com/openai/pytorch/blob/8595b6eeed9a0e96aa6b1779000aeb96c13e6202/.github/workflows/generated-periodic-libtorch-linux-xenial-cuda11.1-py3.6-gcc7.yml,https://github.com/openai/pytorch,seemethere,add-github-ssh-key,action.yml,seemethere/add-github-ssh-key@v1,0,0,11,https://github.com/seemethere/add-github-ssh-key/blob/v1/action.yml,https://github.com/seemethere/add-github-ssh-key
openai,pytorch,generated-periodic-linux-xenial-cuda11.1-py3.6-gcc7.yml,workflow,public,1,1,https://github.com/openai/pytorch/blob/8595b6eeed9a0e96aa6b1779000aeb96c13e6202/.github/workflows/generated-periodic-linux-xenial-cuda11.1-py3.6-gcc7.yml,https://github.com/openai/pytorch,seemethere,add-github-ssh-key,action.yml,seemethere/add-github-ssh-key@v1,0,0,11,https://github.com/seemethere/add-github-ssh-key/blob/v1/action.yml,https://github.com/seemethere/add-github-ssh-key
openai,pytorch,generated-periodic-linux-xenial-cuda11.1-py3.6-gcc7.yml,workflow,public,1,1,https://github.com/openai/pytorch/blob/8595b6eeed9a0e96aa6b1779000aeb96c13e6202/.github/workflows/generated-periodic-linux-xenial-cuda11.1-py3.6-gcc7.yml,https://github.com/openai/pytorch,seemethere,upload-artifact-s3,action.yml,seemethere/upload-artifact-s3@v3,0,1,2,https://github.com/seemethere/upload-artifact-s3/blob/v3/action.yml,https://github.com/seemethere/upload-artifact-s3
openai,pytorch,generated-periodic-win-vs2019-cuda11.1-py3.yml,workflow,public,1,1,https://github.com/openai/pytorch/blob/8595b6eeed9a0e96aa6b1779000aeb96c13e6202/.github/workflows/generated-periodic-win-vs2019-cuda11.1-py3.yml,https://github.com/openai/pytorch,seemethere,add-github-ssh-key,action.yml,seemethere/add-github-ssh-key@v1,0,0,11,https://github.com/seemethere/add-github-ssh-key/blob/v1/action.yml,https://github.com/seemethere/add-github-ssh-key
openai,pytorch,generated-periodic-win-vs2019-cuda11.1-py3.yml,workflow,public,1,1,https://github.com/openai/pytorch/blob/8595b6eeed9a0e96aa6b1779000aeb96c13e6202/.github/workflows/generated-periodic-win-vs2019-cuda11.1-py3.yml,https://github.com/openai/pytorch,seemethere,upload-artifact-s3,action.yml,seemethere/upload-artifact-s3@v3,0,1,2,https://github.com/seemethere/upload-artifact-s3/blob/v3/action.yml,https://github.com/seemethere/upload-artifact-s3
openai,pytorch,generated-puretorch-linux-xenial-py3.6-gcc5.4.yml,workflow,public,1,1,https://github.com/openai/pytorch/blob/8595b6eeed9a0e96aa6b1779000aeb96c13e6202/.github/workflows/generated-puretorch-linux-xenial-py3.6-gcc5.4.yml,https://github.com/openai/pytorch,seemethere,add-github-ssh-key,action.yml,seemethere/add-github-ssh-key@v1,0,0,11,https://github.com/seemethere/add-github-ssh-key/blob/v1/action.yml,https://github.com/seemethere/add-github-ssh-key
openai,pytorch,generated-puretorch-linux-xenial-py3.6-gcc5.4.yml,workflow,public,1,1,https://github.com/openai/pytorch/blob/8595b6eeed9a0e96aa6b1779000aeb96c13e6202/.github/workflows/generated-puretorch-linux-xenial-py3.6-gcc5.4.yml,https://github.com/openai/pytorch,seemethere,upload-artifact-s3,action.yml,seemethere/upload-artifact-s3@v3,0,1,2,https://github.com/seemethere/upload-artifact-s3/blob/v3/action.yml,https://github.com/seemethere/upload-artifact-s3
openai,pytorch,generated-win-vs2019-cpu-py3.yml,workflow,public,1,1,https://github.com/openai/pytorch/blob/8595b6eeed9a0e96aa6b1779000aeb96c13e6202/.github/workflows/generated-win-vs2019-cpu-py3.yml,https://github.com/openai/pytorch,seemethere,add-github-ssh-key,action.yml,seemethere/add-github-ssh-key@v1,0,0,11,https://github.com/seemethere/add-github-ssh-key/blob/v1/action.yml,https://github.com/seemethere/add-github-ssh-key
openai,pytorch,generated-win-vs2019-cpu-py3.yml,workflow,public,1,1,https://github.com/openai/pytorch/blob/8595b6eeed9a0e96aa6b1779000aeb96c13e6202/.github/workflows/generated-win-vs2019-cpu-py3.yml,https://github.com/openai/pytorch,seemethere,upload-artifact-s3,action.yml,seemethere/upload-artifact-s3@v3,0,1,2,https://github.com/seemethere/upload-artifact-s3/blob/v3/action.yml,https://github.com/seemethere/upload-artifact-s3
openai,pytorch,generated-win-vs2019-cuda11.3-py3.yml,workflow,public,1,1,https://github.com/openai/pytorch/blob/8595b6eeed9a0e96aa6b1779000aeb96c13e6202/.github/workflows/generated-win-vs2019-cuda11.3-py3.yml,https://github.com/openai/pytorch,seemethere,add-github-ssh-key,action.yml,seemethere/add-github-ssh-key@v1,0,0,11,https://github.com/seemethere/add-github-ssh-key/blob/v1/action.yml,https://github.com/seemethere/add-github-ssh-key
openai,pytorch,generated-win-vs2019-cuda11.3-py3.yml,workflow,public,1,1,https://github.com/openai/pytorch/blob/8595b6eeed9a0e96aa6b1779000aeb96c13e6202/.github/workflows/generated-win-vs2019-cuda11.3-py3.yml,https://github.com/openai/pytorch,seemethere,upload-artifact-s3,action.yml,seemethere/upload-artifact-s3@v3,0,1,2,https://github.com/seemethere/upload-artifact-s3/blob/v3/action.yml,https://github.com/seemethere/upload-artifact-s3
openai,pytorch,lint.yml,workflow,public,1,1,https://github.com/openai/pytorch/blob/8595b6eeed9a0e96aa6b1779000aeb96c13e6202/.github/workflows/lint.yml,https://github.com/openai/pytorch,pytorch,add-annotations-github-action,action.yml,pytorch/add-annotations-github-action@master,1,0,14,https://github.com/pytorch/add-annotations-github-action/blob/master/action.yml,https://github.com/pytorch/add-annotations-github-action
